như	1013
ăn	815
học	749
công	670
nước	587
con	539
nhà	532
đồng	526
đại	524
không	517
có	513
sinh	506
nhân	503
đầu	500
hoa	499
mặt	485
đường	477
người	461
tử	456
chủ	454
nghĩa	452
cá	452
ba	437
tay	426
nói	422
một	407
bình	393
sơn	382
quân	382
hoá	374
chân	368
trung	367
thiên	360
an	355
tự	354
làm	353
thành	352
thanh	350
văn	350
tân	348
cao	345
ra	345
quan	341
vô	339
cổ	336
mắt	335
từ	332
quốc	327
dân	326
động	324
thần	321
tâm	320
hình	320
cầu	319
tiền	318
gia	308
đi	307
cơ	301
áo	300
điện	299
hóa	297
âm	297
thân	294
chính	293
khí	292
nam	290
phân	289
thế	288
bất	288
đánh	285
độ	281
lí	280
máy	280
trời	276
hội	275
lòng	273
đất	272
tình	271
phong	270
kim	269
vàng	269
địa	267
số	267
bán	267
kinh	266
vật	266
bộ	266
đông	264
hương	263
chết	260
nguyên	259
bản	257
tính	256
cơm	253
tinh	252
đạo	251
bánh	250
tây	249
gió	247
dương	243
thông	243
xe	243
đồ	242
trường	241
cây	240
xuân	239
đá	237
tiếng	235
gà	235
tai	234
danh	233
thể	228
ma	227
cái	227
hàng	226
miệng	226
hoà	225
vị	225
kì	224
tiên	223
hợp	222
châu	219
viên	219
vũ	219
tam	218
thương	218
bằng	218
thuỷ	217
hậu	217
tư	216
hồng	216
yên	216
chỉ	215
thực	215
kế	214
thượng	214
sự	213
giá	212
chi	211
lại	211
bảo	210
bà	210
binh	210
định	209
tài	209
quang	208
bóng	208
chiến	207
chẳng	207
pháp	205
hải	204
thư	202
hành	201
đa	201
long	200
ông	200
chí	199
hạ	199
lý	199
giáo	198
thủy	197
lực	197
thủ	195
lá	195
cửa	195
nữ	194
bạc	194
tiểu	194
dây	193
thị	193
dầu	193
thì	193
thái	192
đỏ	192
cà	192
giao	191
quyền	191
bỏ	191
trần	191
liên	190
tiêu	190
đàn	190
ca	189
nội	188
bàn	188
ngoại	188
phụ	187
hữu	185
vi	184
bắc	182
cách	182
dạ	181
hòa	181
hồ	181
cung	181
già	181
xương	181
lưu	180
độc	180
xanh	180
nhất	179
bạch	179
hoàng	179
sắc	177
giả	177
kỳ	176
phi	176
báo	174
đèn	174
xa	173
tích	173
chó	173
của	172
minh	171
phải	171
cả	170
phương	170
la	169
tế	168
bát	168
sống	168
đời	167
lạc	167
hà	167
phát	167
giải	167
bắt	167
phòng	166
lễ	166
anh	166
da	166
giấy	165
thu	164
lục	164
chế	164
cảnh	163
trưởng	163
chữ	163
đen	163
tranh	163
ngày	162
trắng	162
cầm	162
nghiệp	161
ngữ	161
vào	160
ý	160
thất	160
chạy	160
chim	160
thạch	159
xuất	158
đào	157
lửa	157
mai	157
tổng	157
mưa	157
ruột	156
sao	156
dịch	155
mã	155
ngọc	155
cánh	154
sản	153
a	152
chất	152
vương	151
sa	151
phục	151
sĩ	151
canh	151
thuốc	151
đổ	151
linh	150
thời	149
hiệu	149
biển	149
kính	147
đơn	147
kết	146
là	145
đức	145
hồi	145
trị	145
điểm	145
năm	145
phúc	144
biến	144
cờ	144
chung	143
cảm	142
cho	142
bài	142
bò	142
quả	142
sáng	142
hơi	142
sư	142
mạch	142
môn	142
điều	141
vĩnh	140
tương	140
lên	140
thi	140
y	140
phú	139
tàu	139
tập	139
nhiệt	139
cát	138
tướng	138
tiết	138
gian	138
tứ	138
thức	137
thánh	137
kiến	136
giới	135
bệnh	135
đậu	135
cười	135
câu	135
trùng	135
trống	135
tơ	134
sông	134
cùng	134
lông	134
lệ	134
lợi	133
quần	133
phản	133
đình	132
cấp	132
bao	132
băng	132
lâm	131
mũi	131
du	130
hết	130
lượng	130
được	130
vân	130
tội	130
máu	129
gan	129
bào	129
lập	128
mĩ	128
đối	128
nông	127
toàn	127
lời	127
ô	127
duyên	127
lương	126
hai	126
mình	126
tổ	125
đến	125
dao	125
việt	125
cỏ	125
tác	125
rau	125
quy	124
luận	124
dài	124
chiếu	124
quảng	123
sâu	123
màu	123
mật	123
viện	123
phẩm	122
kí	122
ngôn	122
sát	122
răng	122
khai	122
cộng	122
ở	122
ác	121
cha	121
tối	121
bụng	121
trọng	121
huyết	120
mất	120
trình	120
lao	119
phù	119
cô	119
ống	119
mạng	118
tóc	118
ngũ	118
di	117
giang	117
trí	117
đoàn	117
chứng	117
song	117
mẹ	116
nhạc	116
phủ	116
khách	116
khoa	116
giác	116
siêu	116
nằm	116
vận	115
đội	115
thừa	115
mẫu	115
truyền	115
vạn	114
dẫn	114
đề	114
ngựa	114
mỹ	113
sức	113
non	113
còn	113
qua	113
thầy	113
hùng	112
thuận	112
tiến	112
dụng	112
thịt	112
ninh	111
quá	111
chồng	110
trang	110
cải	110
thuật	110
bách	110
phá	110
trà	110
cẩm	110
biết	109
cứu	109
hồn	109
trong	109
nhập	109
ngang	109
nhật	108
bay	108
khúc	108
chuyển	108
đài	108
điền	107
đôi	107
cố	107
cốt	107
trái	107
cực	107
bồ	107
dục	106
thường	106
lai	106
sử	106
ứng	106
khẩu	106
mô	105
ai	105
biên	105
hạt	105
hoạ	105
ban	104
li	104
bông	104
tin	104
năng	104
án	104
thứ	103
cam	103
sách	103
xá	103
hoàn	102
vợ	102
sơ	102
nào	102
hệ	102
tang	102
dại	102
khôn	102
mây	101
thổ	101
cư	100
tiếp	100
hay	100
mười	99
lan	99
ta	99
cân	99
mục	99
mồm	99
kẻ	99
lộ	98
lão	98
quý	98
võ	98
chợ	98
nắng	98
vụ	98
hổ	98
khó	98
tôn	97
cắt	97
nổi	97
bố	97
quản	97
tố	97
biệt	97
mày	97
ngồi	97
gạo	97
đặc	97
cò	97
luật	97
mà	96
thắng	96
thọ	96
liệu	96
chín	96
mê	96
thơ	96
dị	96
đau	96
lưng	96
dấu	96
hộ	95
xã	95
thảo	95
chuyện	95
bể	95
thiết	95
thuyết	95
bổ	95
tuyến	95
rừng	95
mèo	95
bá	94
lộc	94
sở	94
nghệ	94
chịu	93
dưỡng	93
thiện	93
hàn	93
triều	93
bút	93
tục	93
phó	93
tu	92
hiệp	92
tốt	92
ước	92
não	92
lệnh	92
trực	92
đâu	91
xác	91
tô	91
tượng	91
lỗ	91
đứng	91
lịch	90
niên	90
ân	90
tái	90
chơi	90
trước	90
gái	90
rắn	90
ti	89
về	89
vọng	89
ái	89
phần	89
nặng	89
hàm	88
bị	88
tuần	88
dung	88
đinh	88
mang	88
nguyệt	88
hát	88
thú	88
củ	88
sóng	88
đuôi	88
dở	88
tri	87
áp	87
quán	87
chánh	87
mát	87
ngã	87
vệ	87
hạn	87
tầm	86
duy	86
buôn	86
góc	86
pháo	86
để	86
nửa	86
mỏ	86
nha	86
tăng	85
hưng	85
trâu	85
diện	85
chuột	85
hơn	85
hôn	85
cáo	84
hầu	84
sương	84
ký	84
khổ	84
chu	84
qui	84
mới	84
đã	84
phép	84
tháng	83
bí	83
thuyền	83
diễn	83
loạn	83
tín	83
bầu	83
tộc	83
nóng	83
sau	83
biểu	82
lành	82
đô	82
chưa	82
tận	82
lớn	82
nát	82
phu	82
nợ	82
đẳng	82
núi	82
tuyệt	82
nên	82
hướng	82
khô	82
ấm	82
thập	82
suy	82
bảy	81
giáp	81
cũng	81
vòng	81
bì	81
giữ	81
tàn	81
đăng	81
căn	81
chức	81
chống	81
tà	81
tên	81
hư	81
tường	80
gai	80
lạnh	80
gì	80
đảo	80
tôm	80
bội	80
mộc	80
tỉnh	80
lê	79
bữa	79
đấu	79
lấy	79
cắn	79
bột	79
quế	79
yếu	79
thâm	79
lô	78
trai	78
yêu	78
mua	78
chú	78
trận	78
thợ	78
chè	78
lộn	78
mực	78
khắc	78
tham	78
huyền	78
túc	77
giờ	77
cột	77
kích	77
trở	77
đổi	77
ngủ	77
tiện	77
gối	77
than	77
mệnh	77
phạm	77
lo	76
lăng	76
lang	76
chuyên	76
rượu	76
mở	76
trúc	76
hiền	76
chiều	75
phấn	75
voi	75
cày	75
cục	75
chia	75
phật	74
nhiên	74
nhi	74
lâu	74
hoả	74
phí	74
họa	74
hoang	74
bồng	74
to	74
cường	74
lò	74
bi	73
thạnh	73
trên	73
hào	73
hiện	73
in	73
chúa	73
liệt	73
nghi	73
liễu	73
tông	73
cháo	73
đà	72
thống	72
tạo	72
vinh	72
trăng	72
lưỡi	72
tròn	72
tịch	72
cần	72
mưu	72
cận	72
nhau	72
cứng	72
mặc	72
sổ	72
chua	72
mắc	72
xạ	71
khu	71
biện	71
nhị	71
tưởng	71
sắt	70
bảng	70
mạnh	70
dược	70
tha	70
bờ	70
mùa	70
ngoài	70
nghị	70
u	70
ốc	70
đằng	70
tả	70
tùng	69
phận	69
đế	69
vải	69
nhảy	69
kịch	69
cương	69
điệu	69
triệu	69
hại	69
đói	69
loại	69
lợn	69
sữa	69
mỡ	69
quay	69
rồng	69
khi	69
béo	68
phóng	68
việc	68
trứng	68
toán	68
tán	68
cử	68
vai	68
gỗ	68
ong	68
đóng	68
cốc	68
vừa	68
dòng	68
quỳnh	68
lúa	68
nồi	68
móc	67
mù	67
xích	67
chấp	67
chừng	67
ảnh	67
cú	67
quen	67
bước	67
bạo	67
đảng	66
nhơn	66
tức	66
quyết	66
xì	66
thẩm	66
thù	66
bãi	66
tắc	66
tuổi	66
theo	66
mái	66
tĩnh	65
bên	65
lược	65
rộng	65
sai	65
bèo	65
hiếu	65
xấu	65
rối	65
đầy	65
xử	65
khởi	65
hán	64
làng	64
hỏa	64
bác	64
cóc	64
lơ	64
muối	64
khoai	64
nghịch	64
bốc	64
giảm	64
ngân	64
đòn	64
xà	63
thịnh	63
em	63
khinh	63
ngược	63
trẻ	63
điển	63
chuối	63
hỏi	63
nhỏ	63
nhớ	63
nghe	63
ngộ	62
gác	62
nhận	62
trụ	62
dâm	62
tỉ	62
mũ	62
thích	62
chiềng	62
khăn	62
kỉ	61
tràng	61
viễn	61
má	61
cua	61
suất	61
gặp	61
súng	61
dự	61
môi	61
thụ	61
dễ	61
giày	61
thai	60
tịnh	60
bạt	60
tù	60
đạn	60
chương	60
trừ	60
ngư	60
trả	60
đoạn	60
mộng	60
hôi	60
kéo	60
hạnh	60
hoạt	60
ấn	60
giống	60
gạch	60
cấm	60
vui	59
họ	59
chèo	59
giai	59
mối	59
bó	59
tốc	59
trợ	59
mùi	59
tới	59
cháy	59
bóp	59
thuộc	59
nhiệm	59
túi	59
kháng	59
miếng	59
dư	59
khánh	58
pha	58
thiếu	58
sân	58
ngô	58
bạn	58
tan	58
can	58
mãn	58
á	58
cụ	58
cù	58
nhục	58
nhẹ	58
đắc	57
khê	57
lĩnh	57
ấy	57
son	57
đốc	57
may	57
trầm	57
buồn	57
mắm	57
lãnh	57
trì	57
vịt	57
mộ	57
nhiều	57
đẹp	57
kiểm	57
cấu	57
kỷ	57
phước	56
uỷ	56
tầng	56
tần	56
quê	56
ly	56
đẻ	56
tạp	56
sứ	56
dâu	56
ẩn	56
nối	56
thẳng	56
lạ	56
tại	55
bé	55
oan	55
tạ	55
vỡ	55
cuộc	55
truy	55
xuống	55
ni	54
nuôi	54
ruộng	54
chấm	54
vì	54
ơn	54
lính	54
kê	54
cất	54
vẽ	54
ngọt	54
nho	54
măng	54
suối	54
kiện	54
sang	54
doanh	54
sốt	54
thật	54
muôn	54
ưu	54
đan	53
bang	53
bề	53
na	53
sạch	53
phái	53
đãi	53
lái	53
no	53
thang	53
đặt	53
gần	53
cửu	53
trương	53
trục	53
tất	53
chiêu	53
thử	53
vong	53
khả	53
cau	53
đưa	53
giật	53
táng	52
ngay	52
tê	52
vùng	52
đêm	52
chủng	52
nhiễm	52
dày	52
mồ	52
dưới	52
dã	52
lồng	52
mềm	52
chúng	52
tụ	52
nở	52
rào	52
quí	52
nghiệm	52
co	52
khảo	51
vắng	51
tú	51
tươi	51
nhãn	51
càng	51
chả	51
bù	51
ép	51
bái	51
kiếp	51
nghề	51
đái	51
nguồn	51
đốt	51
bọ	51
phổ	51
nô	50
luyện	50
dữ	50
bè	50
lặng	50
đứt	50
giảng	50
khoá	50
tuyết	50
quái	50
chuẩn	50
thấy	50
ghi	50
màng	50
sợ	50
màn	50
giấc	49
phố	49
bến	49
kiếm	49
đệ	49
dưa	49
vốn	49
mòn	49
cành	49
hiểm	49
nga	49
phê	49
trăm	49
các	49
mạc	49
tre	49
chiêm	49
phim	49
chảy	49
thuần	49
coi	49
râu	49
tòng	48
hoài	48
ngàn	48
ao	48
bốn	48
cán	48
với	48
giám	48
dạng	48
tám	48
cướp	48
ngọn	48
treo	48
sen	48
trò	48
quạt	48
tống	48
trạng	48
cúc	48
bão	48
bụi	48
rút	48
vang	48
gốc	48
trắc	48
do	48
khác	48
lẽ	48
múa	48
thăng	48
ổ	48
rách	48
quỷ	48
mơ	48
phụng	48
thuỵ	48
thụy	48
nghiêm	48
cựu	47
vĩ	47
đục	47
ảo	47
nhĩ	47
vạ	47
thước	47
thuế	47
lân	47
xung	47
loan	47
thơm	47
tấm	47
kín	47
kĩ	47
dĩ	47
khóc	47
âu	47
nấm	47
niệm	47
nón	47
bần	46
bồi	46
tra	46
xuyên	46
quanh	46
sầu	46
thả	46
khóa	46
ghế	46
hiến	46
bẻ	46
san	46
xếp	46
ít	46
đĩa	46
nương	46
tía	46
lôi	46
cu	46
lầu	46
vấn	46
tung	46
bắn	46
mi	45
tì	45
trại	45
bom	45
thoát	45
lăn	45
mì	45
giọng	45
đâm	45
cạnh	45
họng	45
ngắn	45
cay	45
bại	45
vườn	45
dụ	45
trách	45
đáng	45
lưỡng	45
lối	45
chấn	44
hảo	44
ngự	44
trông	44
đũa	44
uy	44
phạt	44
nghĩ	44
chờ	44
đạt	44
chà	44
cứ	44
mép	44
khỉ	44
lắm	44
ẩm	44
men	43
chùa	43
ấp	43
hao	43
hài	43
búa	43
vía	43
trinh	43
ôm	43
chỗ	43
cạn	43
chư	43
phế	43
lầm	43
cối	43
kho	43
ga	43
đỉnh	43
ngón	43
này	43
cặp	43
lấp	43
chê	43
huấn	43
móng	43
địch	43
tắt	43
hấp	42
lưới	42
xơ	42
đó	42
nghìn	42
vua	42
thúc	42
nơi	42
sàng	42
đỡ	42
tỷ	42
kiều	42
xuôi	42
heo	42
kẹo	42
chăn	42
rễ	42
vôi	42
lãng	42
tuyển	42
ghét	42
trấn	42
hút	42
nguyện	42
hỗn	42
tồn	42
bậc	42
dậy	42
sẻ	42
luân	42
hung	42
kèn	42
chén	42
rô	42
ruồi	42
thối	42
ám	42
phách	42
xin	42
thiệu	42
oán	41
trạch	41
sớm	41
tá	41
che	41
buộc	41
gánh	41
ngà	41
diệp	41
thí	41
cưới	41
vỏ	41
tim	41
chỉnh	41
đít	41
hôm	41
phượng	41
mông	41
đương	41
thôn	40
nghỉ	40
thới	40
xem	40
hột	40
lần	40
lắc	40
thảm	40
trôi	40
đĩ	40
cháu	40
góp	40
phiên	40
chanh	40
đón	40
vượt	40
ôn	40
bếp	40
vò	40
thằng	40
lam	40
cắm	40
thay	40
chửi	40
hô	40
tuỳ	40
cập	39
bức	39
thê	39
thưởng	39
bướm	39
vực	39
đao	39
khói	39
ngậm	39
tước	39
đầm	39
viết	39
sừng	39
xét	39
bơ	39
khoan	39
chán	39
thoại	39
man	39
ngăn	39
tệ	39
đám	39
lỡ	39
khuẩn	39
đắng	39
khoáng	39
mâm	39
nan	38
lỏng	38
dũng	38
tết	38
e	38
đồn	38
leo	38
tải	38
ve	38
tấn	38
khố	38
ủy	38
mặn	38
hi	38
bày	38
mạ	38
cong	38
liêu	38
đàm	38
đo	38
hạch	38
diệt	38
thác	38
nắm	38
đò	38
giận	38
mại	38
cứt	38
nhanh	38
vần	38
sợi	38
sâm	38
nhạt	38
vá	38
dựng	38
đủ	38
tờ	38
say	38
oai	38
kị	38
hầm	38
trú	37
kiệt	37
vẻ	37
vây	37
bọt	37
tăm	37
lãi	37
manh	37
đột	37
hùm	37
đai	37
nhã	37
ván	37
tí	37
gót	37
gương	37
óc	37
tuyên	37
chém	37
thấp	37
sanh	37
vậy	37
chắc	37
chặt	37
giọt	37
đoán	37
thóc	37
xi	37
hứng	37
lẫn	37
kêu	37
chào	37
quyển	37
kiên	37
điệp	37
thôi	37
hối	36
xưng	36
xứ	36
mạt	36
yến	36
ánh	36
quai	36
toà	36
ngôi	36
sôi	36
xôi	36
cỗ	36
nổ	36
chậm	36
vú	36
giản	36
hằng	36
nếp	36
đền	36
diệu	36
hòn	36
hạc	36
mọc	36
đàng	36
khối	36
nọc	36
rét	36
xúc	36
đua	36
cự	36
cuồng	36
sáo	36
dãi	36
bàng	35
cọc	35
mươi	35
bô	35
vuông	35
thờ	35
tráng	35
tấu	35
kể	35
lậu	35
đạp	35
tháo	35
cống	35
miễn	35
lót	35
ngơ	35
đẩy	35
thùng	35
lỗi	35
im	35
tật	35
nạn	35
mài	35
vắt	35
rửa	35
so	35
giun	35
điêu	35
cúng	35
hèn	35
giáng	35
khuôn	35
hiển	35
tùy	35
huy	34
lọc	34
nang	34
vành	34
nay	34
mấy	34
trưng	34
tẩy	34
tủ	34
mảnh	34
chiết	34
chay	34
ếch	34
vay	34
chọn	34
cũ	34
bụt	34
keo	34
bật	34
mồi	34
mạn	34
mò	34
ích	34
lờ	34
tuyền	34
phối	34
cụt	34
ngầm	34
quận	34
chướng	34
chạm	34
nỗi	34
nghèo	34
giàu	34
thầm	34
đoản	34
khéo	34
nhờ	34
dinh	33
nguy	33
toạ	33
và	33
chị	33
chúc	33
nhu	33
thua	33
vãi	33
bã	33
thở	33
cuốn	33
chì	33
cưa	33
phiếu	33
rác	33
kia	33
tặc	33
xám	33
chuông	33
bùn	33
bấm	33
gửi	33
nữa	33
tửu	33
táo	33
riêng	33
dầm	33
đáy	33
vu	33
ngứa	33
ê	33
ngu	32
ngục	32
liền	32
chìm	32
căng	32
thầu	32
bia	32
chuồn	32
đấy	32
êm	32
mổ	32
chữa	32
lẻ	32
trầu	32
gậy	32
bén	32
uyên	32
bạ	32
dê	32
quên	32
đấm	32
khuyết	32
lốc	32
lanh	32
hắc	32
hờn	32
chọc	32
sửa	32
ghép	32
hạng	32
à	32
gầy	32
rồi	31
điếu	31
đáo	31
buông	31
tím	31
dọc	31
tanh	31
thính	31
tề	31
trúng	31
dừa	31
giò	31
bừa	31
đáp	31
chầu	31
tàng	31
nhặt	31
bớt	31
củi	31
tháp	31
quỉ	31
dối	31
tao	31
giời	31
vạch	31
ngả	31
kỹ	31
xướng	31
ráo	31
hang	31
đeo	31
trơ	31
vụng	31
tia	31
gọi	31
lớp	31
nghênh	31
thiền	31
ghen	31
kỵ	31
thao	31
huệ	31
gây	31
rập	30
côn	30
ri	30
hưởng	30
dạy	30
chích	30
tìm	30
xu	30
nhung	30
xăng	30
buồm	30
khỏi	30
xoay	30
vơ	30
rẻ	30
khoái	30
tày	30
đúc	30
bùi	30
đê	30
lúc	30
bôi	30
nhìn	30
nghiêng	30
khuất	30
mao	30
lứa	30
xưa	30
vững	30
va	30
xí	30
truyện	30
thề	30
trù	30
đoan	30
gián	30
mờ	30
ngập	30
khủng	30
ngõ	30
viêm	30
phàm	30
nể	30
thẻ	30
dặm	30
sùng	30
nhũ	30
kém	30
nhuận	30
sung	29
pa	29
tít	29
ngờ	29
thiếp	29
tấc	29
đảm	29
bọc	29
hộp	29
ngẫu	29
huynh	29
thiệt	29
cuối	29
huyện	29
cuốc	29
rong	29
thục	29
vạc	29
thép	29
điên	29
vòi	29
khấu	29
ơi	29
nhịp	29
thăm	29
đỗ	29
trộm	29
tằm	29
đập	29
tụng	29
ngâm	29
thưa	29
giữa	29
mít	29
mốc	29
mừng	29
ngắt	29
ngon	29
nết	29
thiêu	29
mắng	29
nuốt	29
kề	29
mạo	29
gấu	29
thô	29
nhựa	29
giường	29
thấu	29
xô	28
xít	28
khang	28
trật	28
chàng	28
lừa	28
ương	28
chiếm	28
dai	28
nhì	28
trạm	28
khơi	28
bê	28
khoán	28
bưng	28
phiền	28
khuê	28
láng	28
hí	28
ướt	28
sành	28
xé	28
rơi	28
dính	28
lột	28
trơn	28
dù	28
nhóm	28
ngửa	28
cẩu	28
kép	28
túng	28
bế	28
ghẻ	28
láo	28
mả	28
rời	28
lở	28
dàn	28
dốc	28
thèm	28
si	28
ớt	28
giấu	28
uống	28
tiếc	28
rã	28
sóc	28
trồng	28
chăm	28
mong	28
ốm	28
vuốt	28
nhịn	28
uốn	28
thớt	28
muốn	28
van	28
nham	28
giở	28
mức	28
hoành	27
nguỵ	27
đới	27
huỳnh	27
ải	27
khế	27
bối	27
bích	27
chớp	27
diêm	27
châm	27
buồng	27
mỏng	27
dần	27
bỏng	27
kem	27
săn	27
sào	27
phì	27
lề	27
dập	27
lào	27
chày	27
trích	27
nhai	27
gáy	27
liêm	27
tôi	27
sài	27
bắp	27
nét	27
bền	27
đệm	27
cai	27
héo	27
chút	27
rẽ	27
dải	27
lè	27
ả	27
hề	27
lệch	27
càn	27
vặt	27
nách	27
lát	27
phán	27
xây	27
cưỡi	27
mượn	26
tiêm	26
tảo	26
tọa	26
chéo	26
chuồng	26
sáu	26
khen	26
tắm	26
bận	26
nàng	26
trượt	26
bành	26
khôi	26
nhện	26
trân	26
lũ	26
đòi	26
nọ	26
dáng	26
tẩu	26
đắp	26
đích	26
eo	26
sườn	26
đợi	26
xả	26
tào	26
nhí	26
khoản	26
bộc	26
ty	26
hươu	26
ôi	26
chinh	26
quạ	26
quỳ	26
ì	26
nâu	26
dứt	26
cậy	26
chớ	26
ngại	26
mệt	26
súc	26
phức	26
hãm	26
tạm	26
hở	26
ngây	26
vách	26
sán	26
hò	26
gò	26
trịnh	26
nhàn	25
rơm	25
cẳng	25
trưa	25
chưởng	25
dong	25
gấm	25
lụy	25
gân	25
lụa	25
cãi	25
rung	25
thấm	25
lui	25
hè	25
thải	25
nhè	25
cảng	25
thắt	25
lau	25
vết	25
nâng	25
xiên	25
đống	25
bưu	25
khuynh	25
dạn	25
thán	25
đuổi	25
ranh	25
lay	25
khử	25
cắp	25
xảo	25
hòm	25
khâm	25
hỉ	24
phiến	24
đây	24
rốn	24
cơn	24
mồng	24
que	24
bệ	24
su	24
gói	24
bổng	24
ki	24
ngắm	24
cước	24
giam	24
bo	24
bong	24
nhường	24
đắt	24
bùng	24
đọc	24
điếm	24
trướng	24
dẻo	24
lọt	24
bóc	24
cẩn	24
bói	24
trán	24
bùa	24
bơi	24
tạng	24
hủ	24
xâm	24
diều	24
bẩm	24
tát	24
khát	24
giấm	24
trào	24
chắn	24
tép	24
diên	24
tròng	24
le	24
nấu	24
ngạch	24
vảy	24
sỏi	24
chăng	24
lã	24
phất	24
nhăn	24
mỗi	24
chụp	24
vung	24
miếu	24
thoái	24
giếng	24
quỹ	24
võng	24
gieo	24
phỏng	24
phỉ	24
khâu	24
tránh	24
lù	23
nấy	23
len	23
b	23
lư	23
lùn	23
sói	23
ngành	23
rõ	23
nó	23
lửng	23
chài	23
hoạch	23
tỏ	23
chổi	23
nem	23
cừu	23
trèo	23
tị	23
mầm	23
sưng	23
mo	23
xế	23
đè	23
phơ	23
chôn	23
lạt	23
điếc	23
tiễn	23
trọc	23
lữ	23
cọp	23
kiêu	23
nhạn	23
thận	23
nóc	23
chát	23
thêm	23
giỗ	23
mét	23
lì	23
se	23
dùi	23
mỏi	23
dắt	23
chẩn	23
lép	23
chắp	23
thà	23
thắm	23
sét	23
cấy	23
hưu	23
quà	23
khẩn	23
ngụy	23
khuyến	23
tiềm	23
nhấp	23
xê	22
giăng	22
lượt	22
lộng	22
nài	22
chai	22
rằng	22
muội	22
tuồng	22
báng	22
gấp	22
xoa	22
bôn	22
chưng	22
gật	22
phở	22
giã	22
chồi	22
cạp	22
duyệt	22
phùng	22
bính	22
bún	22
nheo	22
quét	22
ném	22
chửa	22
nhược	22
khanh	22
nhẫn	22
sập	22
bập	22
rang	22
nghé	22
bỉ	22
hoạn	22
thụt	22
xót	22
nhào	22
lũy	22
rậm	22
kiềm	22
gỡ	22
nảy	22
phôi	22
đều	22
lặn	22
ngói	22
uý	22
khớp	22
xiêu	22
giết	22
kiểu	22
gầm	22
mác	22
giặc	22
chặn	22
nhát	22
lòi	22
ví	22
nhỡ	22
hận	22
hả	22
khích	22
cầy	22
ấu	22
nồng	22
khung	22
hoảng	22
thổi	22
tỏi	21
nốt	21
chải	21
ngãi	21
phác	21
dơ	21
mớ	21
ngòi	21
soi	21
trợn	21
sá	21
mậu	21
triết	21
tủi	21
họp	21
căm	21
xay	21
tuy	21
bòn	21
miên	21
bõ	21
loa	21
nền	21
hoại	21
lội	21
lạp	21
lị	21
quyến	21
tòa	21
bẩn	21
lẻo	21
lật	21
cùi	21
liều	21
chiên	21
bới	21
me	21
te	21
ngất	21
chứa	21
nạp	21
hạm	21
lác	21
đành	21
dép	21
chìa	21
ngó	21
thủng	21
ưa	21
nhắm	21
khái	21
chối	21
thói	21
phai	21
mó	21
xào	21
máng	21
nhan	21
dịu	21
dò	21
sẩy	21
quẩn	21
hỏng	21
lạch	21
nghiệt	20
lu	20
vãn	20
rít	20
khương	20
xỏ	20
luỵ	20
ưng	20
tẻ	20
chằng	20
giặt	20
ngọ	20
đỉa	20
dạo	20
vo	20
cám	20
vỗ	20
khổng	20
thuý	20
đạm	20
rì	20
lóc	20
sờ	20
xỉ	20
bầy	20
khốc	20
ừ	20
huyệt	20
quẻ	20
độn	20
mướp	20
bẫy	20
cớ	20
gắt	20
toả	20
tạc	20
trốn	20
rạ	20
cõi	20
chồn	20
bổn	20
xóc	20
giậu	20
tiệc	20
khải	20
cồn	20
vóc	20
chói	20
trữ	20
lọ	20
chàm	20
mào	20
trao	20
cản	20
chập	20
úp	20
rủ	20
mách	20
lách	20
i	20
sấm	20
rơ	20
nhắc	20
phèn	20
câm	20
nguội	20
đu	20
lều	20
nhổ	20
lùng	20
cộc	20
miền	20
ốp	20
giúp	20
đãng	20
vòm	20
dồn	20
hẹn	20
sàn	20
đúng	20
gọn	20
mía	20
ngực	20
lóng	20
nhẩy	20
sướng	20
thoả	20
thỏa	20
bung	19
dơi	19
ha	19
dè	19
dật	19
chốn	19
chước	19
thúng	19
nê	19
trá	19
đang	19
tặng	19
soạn	19
há	19
rầu	19
buổi	19
niệu	19
lùi	19
quyên	19
yết	19
hớt	19
khuyên	19
ỷ	19
bả	19
mìn	19
sì	19
quới	19
quàng	19
thám	19
thỏ	19
lú	19
bú	19
lướt	19
rận	19
đồi	19
khoang	19
luỹ	19
tuân	19
xứng	19
bậy	19
thây	19
chốc	19
đếm	19
thệ	19
kè	19
thiêng	19
nhiễu	19
ngần	19
ru	19
lét	19
chui	19
đụng	19
ngưu	19
rụng	19
thiểu	19
mị	19
vùi	19
dọn	19
cấn	19
kiêng	19
vớ	19
ngoan	19
ngoặc	19
sòng	19
ung	19
dỗ	19
tỳ	19
trừng	19
muỗi	19
giàn	19
nịnh	19
điểu	19
cổng	19
rỉ	19
dừng	19
phẫu	19
ỉa	19
gạt	19
tuệ	19
rèn	19
lánh	19
ức	19
hứa	19
khoảng	19
khám	19
hãn	18
sô	18
am	18
ách	18
mốt	18
cụm	18
lăm	18
sẵn	18
sánh	18
mành	18
nôn	18
đực	18
nút	18
cào	18
sỉ	18
lốp	18
hỷ	18
nháo	18
bẩy	18
phun	18
sứt	18
cút	18
nung	18
nứt	18
xù	18
kịp	18
mút	18
thung	18
bẹp	18
lem	18
đùa	18
gõ	18
trải	18
bịt	18
thâu	18
cảo	18
dùng	18
chúi	18
tách	18
xó	18
mọi	18
rầy	18
cuống	18
vác	18
bồn	18
sấp	18
xoài	18
dưng	18
triệt	18
tằng	18
lấn	18
chiếc	18
chót	18
chóng	18
hoán	18
phiếm	18
úy	18
xiêm	18
xáo	18
váy	18
nụ	18
giỏ	18
thoi	18
chẻ	18
rũ	18
chổng	18
xéo	18
nghinh	18
lắp	18
mau	18
om	18
hố	18
mè	18
cáp	18
lồi	18
đố	18
khốn	18
lạy	18
ngặt	18
gươm	18
kiệm	18
đóm	18
oanh	18
nháy	18
lạm	18
ứ	18
nhẵn	18
rạng	18
đả	18
nhem	18
xông	18
ù	18
ủ	18
nùng	18
ậm	18
hiểu	17
ke	17
chầy	17
bét	17
chép	17
phường	17
vẹt	17
dì	17
cọ	17
rà	17
đoạt	17
tuế	17
nướng	17
tro	17
ú	17
bít	17
chậu	17
mẻ	17
rớt	17
gãy	17
sặc	17
dái	17
đòng	17
dột	17
nhơ	17
nai	17
bơm	17
nén	17
hụt	17
chùm	17
hoặc	17
bấy	17
trượng	17
bẹ	17
phẳng	17
tỏa	17
kha	17
ngạn	17
mõm	17
cợt	17
đùng	17
muộn	17
vượn	17
soát	17
lụt	17
chiêng	17
mãi	17
thuê	17
ran	17
kẽ	17
rỗi	17
đắm	17
tẩm	17
phô	17
đùm	17
ghê	17
rẫy	17
cúi	17
lươn	17
phe	17
suốt	17
cưỡng	17
trác	17
nanh	17
khiển	17
tản	17
phanh	17
líu	17
dốt	17
dăm	17
tựa	17
tơi	17
rát	17
rầm	17
phiêu	17
lung	17
lẩn	17
o	17
ối	17
vẹn	17
mụn	17
sò	17
í	17
đôn	16
ổn	16
rê	16
noãn	16
quát	16
chuyền	16
lượn	16
lả	16
he	16
hoan	16
xưởng	16
xịt	16
búng	16
xách	16
chấu	16
bàu	16
nhàu	16
sỹ	16
bám	16
phổi	16
ròng	16
cốm	16
trộn	16
bửu	16
két	16
mọt	16
mọn	16
lạng	16
nhâm	16
rùa	16
bòng	16
hẹp	16
niêm	16
nhái	16
xẻ	16
sắp	16
vãng	16
day	16
quýt	16
hốt	16
côi	16
nhớt	16
bợ	16
mủ	16
hiếp	16
kiết	16
kệ	16
pô	16
vịnh	16
còm	16
chóp	16
thìa	16
đuối	16
huỷ	16
ngoa	16
luồn	16
nhượng	16
ràng	16
xóm	16
lấm	16
queo	16
rông	16
hộc	16
chực	16
chật	16
triển	16
đừng	16
nẻo	16
kềnh	16
phao	16
ngụ	16
thẹn	16
nong	16
luồng	16
đơ	16
cài	16
quấy	16
hanh	16
kìm	16
đong	16
nhọn	16
làu	16
lạo	16
nhằng	16
uất	16
toan	16
mến	16
món	16
rêu	16
hiếm	16
tiệm	16
hắt	16
ghe	16
xoắn	16
tảng	16
xen	16
rỗng	16
hốc	16
huyên	16
xui	16
khao	16
lự	16
tráo	16
còng	15
đốn	15
rể	15
khan	15
nhăng	15
đờ	15
gỉ	15
chạch	15
nhác	15
tong	15
ho	15
biền	15
dông	15
chen	15
bực	15
teo	15
the	15
chông	15
đạc	15
hy	15
chác	15
cáy	15
kẹp	15
mướt	15
sáp	15
vít	15
đản	15
lim	15
nhèm	15
cậu	15
phơi	15
vụn	15
cằn	15
xú	15
phớt	15
mầu	15
lựu	15
lảng	15
bấc	15
tiếu	15
hâm	15
nhầy	15
lắng	15
cật	15
nhậm	15
vó	15
huân	15
kheo	15
khuya	15
vời	15
cheo	15
ngưỡng	15
xong	15
chuộc	15
ham	15
lắt	15
mời	15
lụi	15
rực	15
trụi	15
lười	15
kèo	15
nhũn	15
từng	15
mễ	15
gióng	15
tiệt	15
cóp	15
cạc	15
lốt	15
cỗi	15
nhọc	15
kênh	15
lèo	15
niêu	15
tràn	15
toa	15
rắc	15
cựa	15
túy	15
tỵ	15
mận	15
mui	15
tróc	15
khất	15
hủy	15
tua	15
ngầu	15
tịt	15
xăm	15
sụt	15
lúng	15
vét	15
lừng	15
lủng	15
rước	15
sủng	15
ào	15
đẩu	14
bu	14
nhựt	14
tuấn	14
đọng	14
dãy	14
xị	14
be	14
thuỳ	14
bon	14
sê	14
trấu	14
xo	14
trói	14
mụ	14
rờ	14
tánh	14
nòi	14
rao	14
bìa	14
gừng	14
rế	14
nhang	14
lầy	14
mập	14
trệ	14
vái	14
hiên	14
tưới	14
té	14
méo	14
cặn	14
đanh	14
trĩ	14
cuộn	14
dán	14
tréo	14
đèo	14
mường	14
bầm	14
tỉa	14
bặt	14
vờ	14
chao	14
tổn	14
nhưng	14
diếp	14
cữu	14
tột	14
lìa	14
mòng	14
đút	14
kình	14
lây	14
sút	14
lỵ	14
vắn	14
vênh	14
tể	14
hơ	14
chơn	14
chảo	14
khít	14
nhả	14
tuý	14
giãn	14
làn	14
át	14
thỉnh	14
nộ	14
quất	14
ế	14
quĩ	14
dòm	14
rích	14
khe	14
kèm	14
tò	14
gang	14
doạ	14
tốn	14
hoắc	14
vâng	14
dấm	14
dẹp	14
thò	14
tóp	14
gợi	14
hăng	14
húng	14
nhức	14
lẫm	14
khoe	14
nòng	14
xao	14
sục	14
ơ	14
ngẩn	14
rành	14
sầm	14
nhoáng	13
nhồi	13
loài	13
trôn	13
xiết	13
đay	13
phẫn	13
thiu	13
mãnh	13
bây	13
chòi	13
nắn	13
lãm	13
dầy	13
sắn	13
giông	13
táp	13
đẫy	13
trễ	13
nắp	13
kíp	13
đuốc	13
còi	13
nghiên	13
băm	13
sam	13
hỗ	13
ráp	13
thuở	13
lũng	13
khứ	13
niềm	13
xốc	13
giẻ	13
tớ	13
múi	13
toét	13
thửa	13
rày	13
rạp	13
chành	13
úng	13
cồng	13
mướn	13
choáng	13
chỏng	13
dời	13
dồi	13
vặn	13
ư	13
đốm	13
nhẽ	13
đổng	13
khiếp	13
chốt	13
dựa	13
chứ	13
gô	13
út	13
sảng	13
tưng	13
gãi	13
nỏ	13
thia	13
loi	13
cáu	13
ráy	13
vầy	13
húp	13
hì	13
đán	13
phò	13
vé	13
hiềm	13
yếm	13
xoan	13
oi	13
xoáy	13
dịp	13
luyến	13
dọa	13
run	13
giơ	13
giậm	13
lường	13
vun	13
hoác	13
khắp	13
đậm	13
khoẻ	13
léo	13
ngượng	13
láu	13
thoáng	13
sà	13
ríu	13
lử	13
nức	13
ngoe	13
ẹo	13
thậm	13
đem	13
nà	12
hít	12
mảng	12
ngạc	12
chõ	12
nhiêu	12
nỡ	12
trùm	12
thùy	12
dường	12
xén	12
lận	12
quăng	12
hiu	12
trổ	12
vất	12
xon	12
dứa	12
ngải	12
giòn	12
xát	12
bời	12
tý	12
cùn	12
bêu	12
hóc	12
bón	12
ngáo	12
thiệp	12
vọt	12
roi	12
cắc	12
thau	12
tuột	12
bỗng	12
sẽ	12
vế	12
bợm	12
chét	12
mẩy	12
vừng	12
neo	12
hoãn	12
sấy	12
nhão	12
rứt	12
lồ	12
nhông	12
cang	12
nhớn	12
soái	12
nhánh	12
mõ	12
đăm	12
khán	12
chuộng	12
loà	12
loét	12
lủi	12
lọng	12
vả	12
gặm	12
hũ	12
phèo	12
ngấm	12
què	12
chênh	12
đính	12
vã	12
nguyền	12
hái	12
liếm	12
rên	12
hông	12
nề	12
kén	12
quèo	12
phăng	12
gá	12
nôm	12
triện	12
rốt	12
cạch	12
sụn	12
trê	12
quãng	12
vẩy	12
ngâu	12
rình	12
quạnh	12
vọ	12
uế	12
mẫn	12
kẹt	12
mần	12
giục	12
vằn	12
dành	12
óng	12
dệt	12
dội	12
gay	12
rợn	12
trêu	12
guốc	12
vông	12
gắn	12
thốt	12
uyển	12
nao	12
đì	12
ỉu	12
mứt	12
quật	12
khét	12
khoanh	12
khỏe	12
khoác	12
ngốc	12
láy	12
ngáy	12
loe	12
lẩy	12
ngóng	12
lừ	12
đọa	12
tắp	12
tóm	12
è	12
văng	12
xoá	12
xinh	12
ầm	12
đoái	11
đe	11
hăm	11
ngạnh	11
bải	11
cưu	11
beo	11
lon	11
chùi	11
mâu	11
thự	11
búp	11
nưa	11
bủng	11
buốt	11
thêu	11
oa	11
vũng	11
nạo	11
nghiến	11
xoi	11
giềng	11
toại	11
gio	11
giầy	11
nậm	11
quấn	11
rán	11
gọt	11
nại	11
nhèo	11
lênh	11
phè	11
phan	11
rợ	11
tuất	11
lết	11
sạn	11
trát	11
tem	11
lẫy	11
râm	11
chắt	11
chẹt	11
đậy	11
ngỗng	11
hờ	11
phờ	11
nhảu	11
nghì	11
thình	11
giập	11
thẩn	11
rộn	11
nhạy	11
chuỗi	11
rạc	11
thiều	11
quít	11
bọn	11
ngỏ	11
vơi	11
sưu	11
chộp	11
von	11
lia	11
cồ	11
líp	11
vát	11
lêu	11
ngạo	11
chan	11
chở	11
dẽ	11
hét	11
váng	11
rúc	11
thòng	11
ro	11
nhừ	11
rộ	11
ngáp	11
đểu	11
cuội	11
chơ	11
hụi	11
hửng	11
khảm	11
chạp	11
xổ	11
sên	11
nêm	11
hoe	11
ngạt	11
khuấy	11
chọi	11
ồn	11
trọ	11
dõi	11
khẳng	11
nhài	11
cườm	11
diêu	11
đù	11
ngài	11
nín	11
gáo	11
cỡ	11
nêu	11
xuýt	11
rù	11
dề	11
dâng	11
đơm	11
gỏi	11
hẩm	11
khà	11
huống	11
gặt	11
nẩy	11
phả	11
vê	11
kiệu	11
săng	11
thun	11
then	11
dằn	11
dế	11
mùng	11
lõm	11
nạc	11
khua	11
giũ	11
hoè	11
gông	11
găng	11
ố	11
khiêu	11
thuyên	11
hú	11
phún	11
hổng	11
xẩm	11
ắng	11
khiếm	11
răn	11
luông	11
vướng	11
lẩm	11
mẩn	11
nhắn	11
nhẽo	11
èo	11
nhuần	11
phập	11
rảnh	11
thố	11
thiển	11
tựu	11
ạch	11
ăng	10
pin	10
acid	10
giê	10
vượng	10
ủi	10
nhuệ	10
giỏi	10
lơn	10
mùn	10
toác	10
trạo	10
xàm	10
beng	10
biếng	10
rải	10
lơi	10
rọ	10
chiểu	10
nặn	10
khấn	10
xài	10
chuốc	10
dát	10
nhún	10
nàn	10
hon	10
xới	10
phồng	10
bâu	10
gẫy	10
ngót	10
bở	10
nịch	10
nục	10
bịp	10
ngưng	10
trâm	10
díu	10
thìn	10
nhóc	10
nái	10
mẽ	10
liềm	10
búi	10
huế	10
bướu	10
bưởi	10
nháp	10
phiệt	10
bảnh	10
nệ	10
ná	10
dĩa	10
xâu	10
rằm	10
mánh	10
bịnh	10
nẻ	10
lếu	10
dỡ	10
bộp	10
toạc	10
nhám	10
bởi	10
ghim	10
cửi	10
chít	10
sả	10
ó	10
en	10
chong	10
khướu	10
vồ	10
nếm	10
khuy	10
ngán	10
kiềng	10
úc	10
ngoáy	10
nhom	10
lài	10
ngao	10
xồm	10
ngông	10
mố	10
gọng	10
gội	10
nhứt	10
chấy	10
ních	10
hẳn	10
ngơi	10
những	10
yểu	10
lỏn	10
đứa	10
lít	10
pê	10
ló	10
rái	10
giàng	10
gắp	10
cói	10
ten	10
xôn	10
đọ	10
dàng	10
mọng	10
meo	10
vẫn	10
gượng	10
giảo	10
cạo	10
nia	10
nứa	10
khuyển	10
nã	10
giong	10
nhợt	10
rề	10
khiếu	10
dẻ	10
nhách	10
rạch	10
rọc	10
diễm	10
hý	10
dăng	10
thượt	10
dám	10
dìu	10
vén	10
dậu	10
thúy	10
pi	10
mề	10
gớm	10
thặng	10
thót	10
gàu	10
lẹo	10
đẽo	10
náo	10
reo	10
đởm	10
húy	10
rụt	10
ẩu	10
quẹt	10
sọ	10
khoét	10
ngừng	10
khù	10
khùng	10
khấp	10
khừ	10
kiêm	10
nhiếp	10
lom	10
loè	10
luôn	10
thinh	10
thào	10
tè	10
sít	10
thốc	10
nhúc	10
đày	10
sạt	10
lằn	10
mãng	10
sụp	10
nhe	10
sàm	10
nực	10
sùi	10
thẳm	10
phồn	10
táy	10
xập	10
ớn	10
hợi	9
lẹt	9
phím	9
khoảnh	9
axit	9
lém	9
xạo	9
miêu	9
truất	9
chừa	9
tuốt	9
bẵng	9
chuyến	9
én	9
nghê	9
tênh	9
vở	9
gảy	9
rãnh	9
đợ	9
nhạo	9
thừng	9
xèo	9
liếp	9
dạt	9
phệ	9
ụ	9
hẻm	9
bìu	9
bốp	9
húc	9
lếch	9
né	9
tót	9
mót	9
loáng	9
quáng	9
khú	9
nhùng	9
cặc	9
chèn	9
rìu	9
bấn	9
bĩ	9
bơn	9
bứ	9
tụy	9
bộn	9
bềnh	9
bừng	9
trốc	9
mí	9
miện	9
ven	9
giương	9
đùi	9
nạt	9
bẻo	9
ẵm	9
ổi	9
sót	9
phét	9
hóng	9
cót	9
vạt	9
rôm	9
bỡn	9
ỏng	9
oản	9
ngợi	9
thũng	9
khiết	9
ngồng	9
đam	9
khoát	9
veo	9
ré	9
cơi	9
choạng	9
lòm	9
lèn	9
chù	9
chôm	9
hãng	9
tiều	9
quì	9
rết	9
đét	9
xuồng	9
rục	9
chò	9
chòng	9
ghẹo	9
vẫy	9
lòe	9
liệm	9
chùng	9
giầu	9
thui	9
cữ	9
chần	9
chằm	9
hấn	9
cóng	9
trối	9
rấp	9
toi	9
chồm	9
hom	9
khá	9
ngủn	9
khoé	9
cúm	9
goá	9
quẹo	9
cỡn	9
ghém	9
rỡ	9
phìn	9
mão	9
cấc	9
nến	9
lẹ	9
xơi	9
giùi	9
nơ	9
sốc	9
dền	9
ngẫm	9
cọt	9
phông	9
rả	9
xước	9
giăm	9
nộp	9
ngoạn	9
vỉ	9
cởi	9
truồng	9
nhọt	9
ngắc	9
rạn	9
găm	9
phay	9
dẫm	9
dằng	9
dào	9
hợm	9
mếu	9
ngọng	9
gập	9
ghé	9
giây	9
giũa	9
ngố	9
moi	9
gom	9
gở	9
rú	9
tầy	9
nhấm	9
thiêm	9
hoi	9
hoen	9
lịnh	9
rinh	9
hục	9
kìa	9
tấp	9
trọi	9
khiên	9
ất	9
sủi	9
lỉnh	9
loãng	9
đom	9
loẹt	9
ngoằn	9
lợm	9
nạ	9
lõng	9
lớ	9
nguyễn	9
tươm	9
lẳng	9
đẹt	9
sột	9
lởm	9
nghẹn	9
ngật	9
nhảnh	9
nhũng	9
náu	9
tuẫn	9
pho	9
phạn	9
rần	9
trụy	9
đĩnh	9
trảm	9
vữa	9
vầng	9
xúm	9
ton	8
khiến	8
mân	8
chột	8
tuỵ	8
bớp	8
chạc	8
dô	8
gạc	8
nõn	8
rọi	8
trạc	8
bai	8
banh	8
biếm	8
don	8
bin	8
biếc	8
bíu	8
siết	8
rượi	8
bèn	8
vè	8
nhọ	8
nhúng	8
ram	8
trớn	8
xốp	8
bờm	8
tiệp	8
ngát	8
tiễu	8
báu	8
bẹt	8
hoẻn	8
núc	8
phịch	8
bịch	8
quẫn	8
ửng	8
vỉa	8
rổ	8
vợt	8
nghẹt	8
trội	8
xua	8
gầu	8
xóa	8
hẫng	8
liễm	8
kẽm	8
ngò	8
véo	8
quặng	8
họe	8
sề	8
bống	8
bốt	8
giỡn	8
sếu	8
bủn	8
bứt	8
pu	8
cảu	8
núm	8
chuốt	8
chíp	8
chóc	8
vàn	8
choàng	8
chạ	8
trập	8
nhảm	8
chuôi	8
mắn	8
chạnh	8
duỗi	8
chếch	8
nẫu	8
rữa	8
mòi	8
mửa	8
cụp	8
gởi	8
chùn	8
nhởn	8
rạo	8
rươi	8
phẩy	8
chẩm	8
chẵn	8
đọi	8
súy	8
ngươi	8
nít	8
cúp	8
giạt	8
rùng	8
vẹo	8
truân	8
kiểng	8
mương	8
trắm	8
sảy	8
xoong	8
kỉnh	8
quắc	8
nhỏm	8
nới	8
mịch	8
dặn	8
rót	8
khống	8
nhở	8
toe	8
lấc	8
lén	8
ké	8
nhằn	8
nhẳn	8
năn	8
úa	8
gắng	8
cộp	8
lổng	8
củng	8
nhẳng	8
khép	8
sần	8
dang	8
lặc	8
dặc	8
phía	8
dấp	8
dấn	8
muống	8
sái	8
khờ	8
nhấn	8
dấy	8
hắng	8
thoải	8
ngợm	8
gam	8
ganh	8
ruổi	8
trót	8
đui	8
giãy	8
giòi	8
thiếc	8
sửu	8
thét	8
gồng	8
lin	8
ỏn	8
lõ	8
gờ	8
mấu	8
thon	8
sượng	8
hoằng	8
huý	8
toẹt	8
luộc	8
loạt	8
háo	8
đớn	8
quắt	8
hạp	8
hớn	8
hực	8
hất	8
ngỏm	8
hởi	8
tíu	8
ỉ	8
phắc	8
thít	8
um	8
khư	8
khiêm	8
ngai	8
luống	8
nặc	8
khơ	8
khật	8
nhẻm	8
lất	8
ngoi	8
nhàng	8
lèm	8
nhít	8
thếch	8
xạch	8
xấp	8
vẩn	8
sãi	8
lộp	8
nhớp	8
quờ	8
thủi	8
phỉnh	8
đần	8
rủi	8
trám	8
sứa	8
sắm	8
quây	8
xệch	8
mịt	8
xói	8
toang	8
ngái	8
ngổ	8
nghếch	8
ngoảnh	8
ngăm	8
săm	8
tùm	8
thênh	8
niu	8
sạo	8
thách	8
trây	8
sượt	8
phúng	8
phình	8
phới	8
quầng	8
rắp	8
rưng	8
đoạ	8
trợt	8
sịt	8
sểnh	8
sởn	8
truỵ	8
xỉa	8
tiếm	8
ủng	8
ẻo	8
trăn	8
trầy	8
xoang	8
điềm	8
xúi	8
ẽo	8
ò	8
ờ	8
ớ	8
đoàng	8
mú	7
phen	7
nậu	7
dà	7
go	7
áng	7
lòa	7
láp	7
nãy	7
nả	7
bép	7
thóp	7
thỏm	7
boong	7
tở	7
ngửi	7
nhầm	7
xờ	7
ren	7
bĩnh	7
sấu	7
riết	7
ễnh	7
vàm	7
kếp	7
quẩy	7
sậy	7
mẫm	7
ngấy	7
phây	7
bênh	7
bìm	7
com	7
thềm	7
thiềm	7
nhếch	7
chình	7
đốp	7
nghịt	7
mớm	7
noong	7
xoè	7
phau	7
bạng	7
lảnh	7
kham	7
bấu	7
mẹo	7
ne	7
nhời	7
hặc	7
dúm	7
nạng	7
phà	7
bệt	7
bọng	7
xọp	7
bổi	7
khuếch	7
nhộn	7
bự	7
nghêu	7
răm	7
vút	7
chang	7
chau	7
hót	7
rụi	7
chiếng	7
ken	7
xôm	7
đặng	7
hỏn	7
loá	7
choèn	7
choẹt	7
choắt	7
ngút	7
gẫu	7
nhím	7
nhắt	7
nản	7
ỳ	7
ình	7
dừ	7
mé	7
đụn	7
chòm	7
ngời	7
cược	7
xíu	7
nom	7
yang	7
vội	7
vụt	7
chầm	7
mỏm	7
chẹn	7
trỏ	7
tho	7
lựa	7
đoài	7
suý	7
lợp	7
cưng	7
khăng	7
mống	7
lúi	7
mèn	7
rịch	7
đun	7
cạy	7
ươn	7
lờn	7
mơn	7
ngác	7
rựa	7
sặt	7
thát	7
rất	7
táu	7
khuỷu	7
sạc	7
rỉa	7
cọm	7
nhòm	7
sảnh	7
nhây	7
cùm	7
kiếng	7
giền	7
gạn	7
huê	7
híp	7
hệch	7
nhoẻn	7
tầu	7
nây	7
lẻn	7
giẹp	7
lõi	7
tuỷ	7
tủy	7
cội	7
mượt	7
lủn	7
mỉ	7
hỡi	7
nghễu	7
cừ	7
nhôm	7
mỗ	7
hựu	7
thưỡn	7
đườn	7
giằng	7
gắm	7
nịt	7
dặt	7
dẹt	7
dũ	7
dớ	7
dẫu	7
dậm	7
khàn	7
dể	7
hám	7
dửng	7
vểnh	7
dực	7
ghẹ	7
ghềnh	7
thoa	7
giành	7
giắt	7
hòe	7
tã	7
quánh	7
gàn	7
gào	7
gán	7
xiếc	7
gút	7
sớ	7
gục	7
háu	7
háy	7
hách	7
điệt	7
hoét	7
hoáy	7
vọc	7
hun	7
huýt	7
huỵch	7
hây	7
hống	7
lố	7
hù	7
xụp	7
nhăm	7
lằng	7
hừ	7
hậm	7
nấc	7
lịm	7
inh	7
miệt	7
khom	7
khè	7
khịt	7
nôi	7
khước	7
khặc	7
xìu	7
nhẻ	7
tủa	7
kệch	7
xang	7
nhao	7
liễn	7
loang	7
xoàng	7
quạng	7
quýnh	7
lụng	7
phào	7
quày	7
rền	7
lút	7
lích	7
thòm	7
lôm	7
quặm	7
seo	7
lún	7
toát	7
lải	7
lềnh	7
phềnh	7
sính	7
nhố	7
xộc	7
lững	7
ục	7
thừ	7
phừng	7
phích	7
mu	7
nhuộm	7
xẹo	7
mải	7
xếch	7
núng	7
ngấu	7
nghí	7
vươn	7
nguẩy	7
ộp	7
ngẩm	7
ngòm	7
trược	7
uẩn	7
toản	7
ngấp	7
thụp	7
vựng	7
đoảng	7
nhuyễn	7
nhâng	7
suông	7
thốn	7
nhộng	7
sẫm	7
nếu	7
oe	7
oái	7
uổng	7
oằn	7
thày	7
quạu	7
quách	7
quầy	7
quặn	7
réo	7
ruồng	7
rạt	7
rượt	7
thiểm	7
đảnh	7
thọc	7
tru	7
tâng	7
tòm	7
tụt	7
đụp	7
xắc	7
xạc	7
đú	7
ém	7
ọp	7
ẹ	7
õng	7
rin	6
khía	6
chừ	6
tời	6
nhắp	6
tỏng	6
bươm	6
vích	6
gi	6
mẹt	6
thõng	6
oẹ	6
thỉu	6
ọe	6
túm	6
giằn	6
xoà	6
bạu	6
hói	6
xái	6
víu	6
tét	6
xắm	6
bâng	6
lâng	6
quơ	6
dác	6
cun	6
sệ	6
xép	6
nhuốc	6
bõm	6
bọp	6
vại	6
thản	6
bện	6
xổi	6
gòn	6
phèng	6
thùa	6
bỉnh	6
ngùi	6
tum	6
bục	6
riêu	6
vằm	6
video	6
riềng	6
bướng	6
xỉu	6
tàm	6
duật	6
choẹ	6
chọe	6
khảnh	6
bậu	6
hủi	6
tưởi	6
bẫm	6
bậm	6
phang	6
chợp	6
nhặng	6
dí	6
rúm	6
hoẹ	6
bẻm	6
phốt	6
mảy	6
rệp	6
bỏi	6
hổi	6
xớ	6
xờm	6
địt	6
đuột	6
chủn	6
nhủn	6
xỉn	6
củm	6
nghiện	6
vợi	6
xè	6
liu	6
ươm	6
chíu	6
miến	6
chiền	6
phung	6
rìa	6
choai	6
choang	6
choé	6
choi	6
ngợp	6
choạc	6
lòn	6
chum	6
chúm	6
triêu	6
xọ	6
chĩnh	6
sém	6
chão	6
nhẹt	6
khoeo	6
chêm	6
sủa	6
lói	6
vù	6
éc	6
chũm	6
gu	6
ya	6
gằn	6
re	6
rống	6
toé	6
vèo	6
vạy	6
xoạc	6
chảnh	6
dôi	6
vập	6
chờn	6
chững	6
xiềng	6
giẫm	6
đừ	6
ềnh	6
đựng	6
léc	6
nạnh	6
rường	6
giựt	6
đìa	6
vanh	6
lồn	6
rủa	6
rua	6
cỏm	6
quằn	6
phạch	6
đúm	6
coóc	6
cộ	6
lặp	6
càu	6
ngừ	6
dử	6
rói	6
thèn	6
lẩu	6
hến	6
câng	6
đờn	6
gột	6
cụi	6
cũn	6
gằm	6
quải	6
kít	6
khì	6
mỉa	6
ồ	6
khóe	6
thảy	6
vồng	6
xoăn	6
trịch	6
lé	6
noi	6
duệ	6
cằm	6
muồng	6
cồm	6
cộm	6
ngấn	6
ngẳng	6
séc	6
nghẽn	6
vớt	6
trứ	6
de	6
diễu	6
dom	6
ngoằng	6
nhẵng	6
dụm	6
rộp	6
dõng	6
tễ	6
dềnh	6
ợt	6
é	6
éo	6
tuya	6
ghè	6
tởm	6
gẫm	6
khọm	6
khụ	6
tom	6
sụ	6
phút	6
giãi	6
giêng	6
tạnh	6
khẽ	6
khuây	6
quyệt	6
tồ	6
gài	6
hệt	6
gìn	6
rịt	6
qué	6
gôm	6
phắt	6
gừ	6
nệm	6
gốm	6
suyễn	6
hẻo	6
him	6
sưa	6
nhụy	6
ngoái	6
toàng	6
hoạnh	6
huình	6
huếch	6
tằn	6
nguýt	6
hển	6
hân	6
hé	6
hụp	6
xuyến	6
nấp	6
hằm	6
hẹ	6
thỉ	6
hổn	6
ốt	6
thin	6
ỏi	6
kali	6
trừu	6
khoả	6
nhủ	6
khỏa	6
khò	6
róc	6
lỏi	6
nguôi	6
khểnh	6
lữa	6
khập	6
lằm	6
kiền	6
úm	6
kịt	6
lúp	6
viếng	6
nhay	6
riu	6
liêng	6
liếng	6
loé	6
lóe	6
logic	6
lóp	6
nhoét	6
xoảng	6
xằng	6
quào	6
lảu	6
xẹt	6
quèn	6
mạy	6
xúp	6
lườm	6
lặt	6
lạn	6
nhầu	6
sệt	6
ọc	6
lồm	6
ngổn	6
độp	6
lợ	6
thụng	6
lụp	6
thàng	6
rốc	6
moóc	6
phin	6
mằn	6
trọn	6
thắn	6
trút	6
mấp	6
ói	6
ruốc	6
sỉa	6
rỗ	6
sẹo	6
mồn	6
mỳ	6
ọ	6
ngào	6
quị	6
rí	6
ngảnh	6
ngủng	6
nhen	6
nhói	6
nhón	6
nhãi	6
nhãng	6
web	6
nhằm	6
nhịu	6
núp	6
thịch	6
quạc	6
quở	6
ray	6
rén	6
rờn	6
rắm	6
tuếch	6
rủng	6
corona	6
sum	6
trờ	6
sín	6
sững	6
sực	6
thoảng	6
thẹo	6
thút	6
thạo	6
thằn	6
tiu	6
toá	6
trẹo	6
yểm	6
tụi	6
xáp	6
xính	6
xúng	6
ét	6
ịt	6
ẳng	6
đắn	6
đùn	6
đằm	6
đỏng	6
đủng	6
ưỡn	6
ắc	6
min	5
pơ	5
áy	5
bửa	5
chĩa	5
chẽ	5
chục	5
nường	5
mứa	5
thắc	5
trui	5
xuy	5
bạnh	5
chửng	5
rãi	5
ben	5
boa	5
bua	5
xõa	5
xõng	5
buýt	5
buột	5
díp	5
bót	5
bợt	5
lùa	5
truật	5
gù	5
tỉm	5
xuê	5
nhờn	5
bèm	5
bệu	5
bụ	5
múp	5
vâm	5
nân	5
xụ	5
bết	5
quyện	5
bịu	5
lổm	5
nẹp	5
phủi	5
hê	5
bụp	5
loong	5
bùm	5
tó	5
sải	5
bươu	5
ngoặt	5
thược	5
tuộc	5
bẹn	5
tộ	5
bảu	5
bấp	5
lình	5
síp	5
hóp	5
nhắng	5
chặp	5
nhẹo	5
quặt	5
bệch	5
bễ	5
bịa	5
nẹt	5
rèm	5
tèo	5
trũng	5
ngớ	5
chờm	5
bỡ	5
nhậu	5
bợn	5
rủn	5
dứ	5
rức	5
hổm	5
chiu	5
dé	5
chun	5
sè	5
giẽ	5
đớp	5
khay	5
choác	5
choảng	5
chóe	5
chon	5
choá	5
chuội	5
cũi	5
ành	5
òm	5
chèm	5
đéc	5
hênh	5
ngóc	5
chụt	5
chệ	5
rai	5
chơm	5
chớt	5
sin	5
nghè	5
phết	5
chới	5
nhạnh	5
kẻo	5
chề	5
chễm	5
chỉn	5
đót	5
chụm	5
ngừa	5
đỗi	5
ngoé	5
tớn	5
ghì	5
khêu	5
mèng	5
thểu	5
niễng	5
rá	5
thọt	5
tửng	5
nhét	5
nhụ	5
trèn	5
sồng	5
cáng	5
phiện	5
quăm	5
róm	5
nhóp	5
vy	5
ngoéo	5
nèo	5
hích	5
đúp	5
quảy	5
mèm	5
k	5
gả	5
khỉnh	5
mỉm	5
nghẽo	5
nắc	5
xòa	5
cưỡì	5
vẹc	5
cẳn	5
cặm	5
gianh	5
toái	5
nhuế	5
cổn	5
hó	5
gộc	5
quành	5
quậy	5
dẳng	5
deo	5
quăn	5
diệm	5
virus	5
doa	5
thườn	5
đuồn	5
đuỗn	5
ngan	5
dó	5
dóc	5
dạc	5
dạm	5
dẳn	5
dẩn	5
nành	5
thắp	5
trẩu	5
dận	5
dờn	5
trũi	5
ẹt	5
tợn	5
gổ	5
sọm	5
đạch	5
phùn	5
giúi	5
đận	5
hằn	5
sọc	5
giần	5
giồng	5
giội	5
goòng	5
guồng	5
gưỡng	5
gày	5
gâu	5
vấp	5
thếp	5
rộc	5
gờm	5
gợn	5
han	5
nhỉ	5
hỉnh	5
nhuỵ	5
hoay	5
hoăng	5
huyễn	5
huề	5
tẹt	5
sảo	5
xẻng	5
lượm	5
hãi	5
hãnh	5
hếch	5
húi	5
xiểng	5
mun	5
hớ	5
lóm	5
lỏm	5
hủn	5
hừng	5
uôm	5
ỉm	5
khảng	5
khé	5
khem	5
khiêng	5
khoen	5
khoáy	5
khoèo	5
khoằm	5
khum	5
loát	5
khổn	5
khấc	5
nhíu	5
nép	5
khòm	5
khòng	5
lụn	5
nhá	5
véctơ	5
ngớt	5
vứt	5
khúm	5
khắm	5
khắn	5
khản	5
kìn	5
coong	5
kẻng	5
kẽo	5
sù	5
lổ	5
leng	5
liếc	5
nhữ	5
xoe	5
nhoi	5
nhoà	5
loã	5
soạt	5
nhàm	5
nhéo	5
nhép	5
xẹp	5
xình	5
sưởi	5
nhòe	5
nhô	5
lẽo	5
lõa	5
xùi	5
lùm	5
xùm	5
lũn	5
thướt	5
ươi	5
tếu	5
tạch	5
xấc	5
lậm	5
lớt	5
nghỉnh	5
xọc	5
đọt	5
nhỏn	5
lổn	5
xộn	5
xớn	5
xớt	5
lợt	5
miết	5
xối	5
rợi	5
nghiền	5
xửng	5
mênh	5
mởn	5
phẹt	5
mịn	5
ruỗng	5
vài	5
sám	5
rơn	5
nen	5
ngõng	5
nghệch	5
ngàng	5
nghỉu	5
ngoắt	5
ngoảy	5
ngoèo	5
phỗng	5
quỵ	5
ngốn	5
ngúc	5
ngúng	5
ngẫn	5
pín	5
ngầy	5
trau	5
ngột	5
nhoẹt	5
nhót	5
nhõng	5
sến	5
nhậy	5
thín	5
tếch	5
thết	5
nhỡn	5
nuột	5
níu	5
thòi	5
sõi	5
nõ	5
sình	5
xốt	5
phàng	5
nằng	5
trĩu	5
đượm	5
xy	5
triền	5
oàng	5
phụt	5
quác	5
quéo	5
quạch	5
sửng	5
ràn	5
rảng	5
ró	5
rài	5
ráng	5
rân	5
ròi	5
rón	5
rĩ	5
rấm	5
rột	5
rờm	5
rợp	5
sã	5
sạm	5
sênh	5
sìn	5
sùm	5
sếp	5
sộ	5
teng	5
thoán	5
thoắt	5
thoạt	5
thuồng	5
thèo	5
thùi	5
thạc	5
đẫm	5
tuồn	5
trùi	5
trảng	5
trẩy	5
tóe	5
tuôn	5
tèm	5
tẩn	5
xẻo	5
vằng	5
vấy	5
vặc	5
xẩn	5
xam	5
xeo	5
xắn	5
xiểm	5
ướp	5
xín	5
ịch	5
úi	5
đoành	5
đởn	5
ướm	5
ực	5
mon	4
ngo	4
pác	4
xan	4
alpha	4
au	4
rem	4
toong	4
tui	4
thuột	4
beta	4
đát	4
biếu	4
bỏm	4
pan	4
bui	4
trấp	4
rười	4
néo	4
chằn	4
bàm	4
khọt	4
thuẫn	4
khươn	4
bân	4
xoã	4
trành	4
ngậy	4
ị	4
sị	4
nhưỡng	4
ngổm	4
chách	4
dợn	4
tồng	4
dích	4
bĩu	4
bươn	4
bường	4
phàn	4
xụi	4
hoải	4
vược	4
chợt	4
doãn	4
bẳn	4
bặp	4
khục	4
lức	4
nghể	4
bỉm	4
xịu	4
xừ	4
xẻn	4
dượng	4
tạt	4
tuệch	4
bộng	4
bợp	4
ngỡ	4
cợn	4
bụa	4
bủa	4
sẻn	4
bứa	4
c	4
dỏng	4
mên	4
nghều	4
váo	4
chẻm	4
cheng	4
sớt	4
vức	4
diệc	4
muông	4
chiếp	4
mung	4
choét	4
chỏn	4
ngoét	4
nhủi	4
hum	4
chuyết	4
chồ	4
ồi	4
ngãng	4
chây	4
nhẹp	4
ngoẻn	4
vẻo	4
mòm	4
chạn	4
lóa	4
lọi	4
vót	4
chõm	4
ui	4
chũn	4
chùy	4
chổm	4
chện	4
khăm	4
chởm	4
chưởi	4
chạng	4
chạo	4
chọt	4
quẩng	4
chảu	4
phảy	4
chẫu	4
chận	4
cạ	4
chịt	4
dòi	4
chặc	4
chẻo	4
giễu	4
ngốt	4
hoánh	4
chểnh	4
chệch	4
chỏm	4
ngận	4
háng	4
toòng	4
hòng	4
nhoàng	4
vờn	4
xổm	4
x	4
dãn	4
quắm	4
quắp	4
rom	4
cõng	4
nộm	4
giếc	4
cớn	4
cui	4
vối	4
dìa	4
lìm	4
lẹp	4
sộp	4
thờn	4
tói	4
đác	4
sộc	4
rún	4
rụp	4
vồn	4
gồ	4
rò	4
côm	4
cốp	4
lôn	4
xéc	4
giuộc	4
đoá	4
vố	4
lứt	4
tủm	4
quẫy	4
giát	4
rẩm	4
cẫng	4
trắt	4
rọm	4
xúy	4
cổi	4
indonesia	4
gôn	4
phướn	4
nhíp	4
cời	4
cụng	4
nghện	4
ngách	4
sầy	4
dan	4
ngáng	4
diềm	4
duốc	4
ngoẵng	4
dàu	4
loàn	4
dọi	4
nhợ	4
dăn	4
dĩnh	4
thúi	4
dơn	4
nỗ	4
xống	4
khứu	4
phộng	4
tràm	4
dẫy	4
dỗi	4
khắt	4
dỉ	4
dọ	4
nghịu	4
ẹc	4
hèm	4
tron	4
giảu	4
giụa	4
rớ	4
gièm	4
siểm	4
giấp	4
triêng	4
thơi	4
giối	4
thiến	4
góa	4
gơ	4
gườm	4
gấc	4
tọp	4
gẩy	4
gặc	4
gụ	4
hem	4
hinh	4
hiêng	4
khạc	4
muỗng	4
múc	4
sim	4
quẹn	4
hỏm	4
hong	4
hoẹt	4
hoắm	4
tẫn	4
hước	4
hãy	4
trớt	4
hùn	4
lốn	4
hểnh	4
phăn	4
kông	4
xược	4
hời	4
hử	4
ka	4
keng	4
khiểng	4
khiễng	4
krôm	4
khoắt	4
khoẻo	4
khuỳnh	4
khứa	4
xường	4
khỏng	4
soa	4
rằn	4
khướt	4
lặm	4
khều	4
khệnh	4
khủ	4
khự	4
oát	4
xáng	4
kitô	4
kĩu	4
kếch	4
kềm	4
lẻm	4
reng	4
lịa	4
liến	4
liểng	4
liệp	4
nhoai	4
loay	4
ngóp	4
nhong	4
quáo	4
nhoè	4
loạng	4
xoẹt	4
nhuôm	4
luộm	4
đỏm	4
nhâu	4
lẹm	4
nin	4
sòn	4
nhóng	4
nhú	4
lúm	4
tơn	4
tướp	4
lạu	4
nhải	4
lảo	4
nhẩm	4
sật	4
lẵng	4
ngụp	4
tẹo	4
lẻng	4
phều	4
nghển	4
lểu	4
nghểu	4
lệt	4
lịu	4
lọn	4
lọp	4
tốp	4
nhổm	4
phổng	4
lờm	4
lụ	4
lủ	4
lựng	4
nhê	4
ní	4
mún	4
nhon	4
miều	4
mom	4
thong	4
mán	4
máo	4
đ	4
mén	4
móp	4
típ	4
phôn	4
nhiếc	4
thuổng	4
trẽn	4
mền	4
nạm	4
mớn	4
mụt	4
mủng	4
thỏi	4
nghén	4
ngoã	4
ngoạ	4
ngoải	4
ngoắc	4
xuẩn	4
qũy	4
xệp	4
ngõa	4
ngùng	4
ngưởng	4
ngẩng	4
tun	4
tủn	4
ngồn	4
thồ	4
nhẩn	4
nhúa	4
nhúm	4
nhặn	4
nhoe	4
trệt	4
nhòa	4
nhứ	4
phốc	4
ùm	4
nhặm	4
thó	4
nhỏng	4
nhủng	4
niết	4
nu	4
nỉ	4
nấn	4
trỏng	4
suýt	4
nót	4
nớp	4
ót	4
vựa	4
nằn	4
đóa	4
nộn	4
oang	4
oác	4
oé	4
oxy	4
oạp	4
oành	4
ăm	4
vưu	4
phinh	4
phính	4
phĩnh	4
sũng	4
phăm	4
phược	4
phệnh	4
páp	4
pích	4
xệ	4
quặp	4
quến	4
đon	4
rám	4
ráu	4
ria	4
rọt	4
rấn	4
rè	4
rúng	4
rướn	4
rườm	4
rảo	4
rật	4
rẹt	4
rỏ	4
rồ	4
thiềng	4
siêng	4
sun	4
đẹn	4
sỡ	4
sẩm	4
đặm	4
són	4
sú	4
súp	4
tủng	4
sậm	4
sỏ	4
sồi	4
sồn	4
sổng	4
sờn	4
thài	4
tành	4
tháu	4
thuôn	4
thùm	4
thảng	4
ứa	4
vắc	4
vỹ	4
trẫm	4
trề	4
trớ	4
trậm	4
tuốc	4
téc	4
tụm	4
tướt	4
tỏm	4
tồi	4
xổng	4
voọc	4
vên	4
xở	4
xĩnh	4
xum	4
xục	4
xộp	4
xồn	4
êu	4
ùng	4
ới	4
ôtô	4
ùn	4
đòm	4
đười	4
đụ	4
ắt	4
ặc	4
ẻn	4
ồm	4
ời	4
ụt	4
míp	3
tiêng	3
trô	3
pe	3
váp	3
ang	3
chuôm	3
giạ	3
choè	3
chòe	3
đấng	3
gồm	3
bata	3
liệng	3
bim	3
biêng	3
biêu	3
biều	3
gen	3
h	3
boóc	3
bromua	3
buôi	3
giầm	3
buối	3
rịa	3
hịch	3
chặm	3
bía	3
chã	3
đênh	3
béc	3
lẳn	3
phị	3
tĩ	3
diếu	3
ử	3
bín	3
bòi	3
bòm	3
lưởng	3
nhành	3
trét	3
bôm	3
tọt	3
ếm	3
bũm	3
băn	3
rôn	3
túp	3
bương	3
chường	3
rưởi	3
bẽo	3
phếch	3
bầng	3
my	3
bớ	3
bằm	3
bẳm	3
bặm	3
gí	3
bẽ	3
bều	3
dím	3
pạ	3
bồm	3
nhoài	3
sịa	3
xuyết	3
sậu	3
nhụng	3
xủ	3
bừ	3
phứa	3
on	3
cacbon	3
lậy	3
camera	3
đêu	3
cassette	3
cảy	3
celsius	3
ch	3
điu	3
file	3
nhại	3
ngàm	3
choe	3
ngoàm	3
vạng	3
chuệch	3
chuồi	3
chũi	3
chá	3
chái	3
cháng	3
rụm	3
hẩng	3
chẹp	3
chèng	3
dọng	3
nghỉm	3
chịch	3
chím	3
hỏ	3
vện	3
vánh	3
chỉa	3
nhum	3
chắm	3
sui	3
khứng	3
mỉu	3
chưỡng	3
chược	3
xợp	3
ùa	3
chảng	3
vảng	3
hoảnh	3
mẩm	3
nình	3
chẽn	3
s	3
mếch	3
chếnh	3
cỏng	3
ngoẻo	3
ngóm	3
điếng	3
đứ	3
chềm	3
chềnh	3
chệnh	3
chỗm	3
hỗm	3
sể	3
chớm	3
chớn	3
sôvanh	3
nghễ	3
chử	3
latinh	3
ximăng	3
clo	3
code	3
cón	3
vều	3
ghề	3
óp	3
củn	3
pheo	3
khiu	3
ròn	3
vuột	3
uồm	3
đước	3
diếc	3
ngão	3
nhồng	3
trổng	3
vền	3
pờ	3
hẩu	3
suyền	3
trất	3
ii	3
hụ	3
d	3
voa	3
ngoạt	3
mọp	3
giạng	3
suê	3
hềnh	3
nghẹo	3
sằng	3
sụa	3
hều	3
xợt	3
soong	3
nọng	3
tõm	3
náy	3
cọng	3
cỏi	3
rỏm	3
cỏn	3
xuý	3
myanmar	3
cờn	3
cỡm	3
cợm	3
rều	3
nự	3
phảng	3
diesel	3
din	3
diếm	3
hâu	3
doi	3
doành	3
duềnh	3
dách	3
dáo	3
dợ	3
dín	3
liếu	3
dả	3
dắng	3
dúi	3
dúng	3
dút	3
dũa	3
dũi	3
nuy	3
dượt	3
giếm	3
hàu	3
phọng	3
điezen	3
dụa	3
dờ	3
dặng	3
dổi	3
dớn	3
khị	3
dức	3
f	3
fahrenheit	3
g	3
đin	3
ge	3
ghèn	3
gẩm	3
yêm	3
sạ	3
giu	3
nua	3
nùi	3
giâu	3
gié	3
giêsu	3
phơn	3
giùm	3
trãi	3
nhẹm	3
giẫy	3
giặm	3
giẹo	3
ngoém	3
giỏng	3
giồi	3
guộc	3
gáp	3
gàng	3
ngoạm	3
gùa	3
gấy	3
gùn	3
gùng	3
găn	3
gạ	3
gỏng	3
ỏm	3
gặng	3
gọ	3
gộp	3
hớm	3
hen	3
hin	3
hiệt	3
hoóc	3
hoằn	3
hoẵng	3
huých	3
huịch	3
huơ	3
xũ	3
hác	3
hánh	3
hẩy	3
hão	3
héc	3
hòi	3
rương	3
hùa	3
hùi	3
húm	3
hĩ	3
hĩnh	3
ngươn	3
hạo	3
xán	3
hập	3
xoẳn	3
xẩy	3
hếu	3
hểu	3
tăn	3
lắk	3
xoàn	3
hớp	3
hững	3
hợt	3
hự	3
nốc	3
ỉn	3
ion	3
iu	3
nitrat	3
kalium	3
vin	3
kháu	3
khoăm	3
khoắn	3
khuông	3
khào	3
xúa	3
khén	3
khênh	3
khìn	3
khót	3
khắng	3
khẳm	3
khẳn	3
khưỡng	3
khạng	3
khạo	3
khệ	3
khởm	3
khừng	3
khựng	3
kiếu	3
ky	3
kên	3
quặc	3
kíu	3
kẹ	3
thưng	3
kền	3
lể	3
lẹn	3
luốc	3
loai	3
ngoai	3
đờm	3
loách	3
loòng	3
loăn	3
loăng	3
xoạch	3
roạt	3
xoạt	3
loảng	3
loằng	3
lum	3
luy	3
luý	3
luẩn	3
luốt	3
thuộm	3
nhụt	3
nũng	3
lán	3
rây	3
lãn	3
lèng	3
têu	3
quýu	3
tòi	3
phòi	3
ngòng	3
lũi	3
lỉu	3
lúy	3
lĩ	3
lũm	3
đễnh	3
xơn	3
lưa	3
lươm	3
mươn	3
phễu	3
thười	3
xười	3
lảy	3
lấu	3
lỳ	3
đật	3
nau	3
xắng	3
xắp	3
đẵng	3
quều	3
xịch	3
mọ	3
nghẹ	3
lọm	3
đọp	3
ngỏng	3
vỏng	3
nhốn	3
ngồm	3
nhổn	3
ngộc	3
lới	3
vởn	3
đụi	3
mủn	3
đử	3
thững	3
níp	3
mím	3
miêng	3
thơn	3
muốt	3
thủa	3
tâu	3
đũng	3
tuyn	3
nhé	3
mém	3
ên	3
mích	3
mói	3
móm	3
xều	3
mẹp	3
sấn	3
măm	3
mẳn	3
mấn	3
sác	3
mạp	3
mẩu	3
toanh	3
mợ	3
mỵ	3
n	3
new	3
ngớn	3
ngh	3
nghiêu	3
nghèn	3
nghét	3
ngởn	3
nghĩnh	3
nghệt	3
nghềnh	3
ngoao	3
ngoeo	3
ngoác	3
ngoẹo	3
ngoạc	3
nguậy	3
ngàu	3
thộn	3
uỵch	3
ngõi	3
ngùn	3
ngụt	3
ngụa	3
ngậu	3
ngứ	3
ngằn	3
ngọa	3
ngỏn	3
ngủm	3
ngộn	3
ngỗ	3
nị	3
nhẩu	3
nhỉnh	3
nhoáy	3
nhuốm	3
xẹc	3
nhò	3
nhụa	3
nhìu	3
nhích	3
nhôn	3
nhùn	3
nhút	3
nhơm	3
nhấc	3
nhẫy	3
nhễ	3
nhồm	3
nhột	3
sịp	3
nhự	3
oóc	3
niềng	3
nớt	3
nuông	3
nuối	3
trộng	3
nãi	3
nì	3
nính	3
đớt	3
nịu	3
nơm	3
nải	3
nập	3
nần	3
nẫng	3
nẵng	3
nọa	3
nữu	3
nựng	3
óe	3
sòm	3
oxi	3
oàm	3
oánh	3
oại	3
oăng	3
oẳng	3
oải	3
oẻ	3
phui	3
phọt	3
phé	3
phéc	3
phên	3
phốp	3
phưng	3
phấp	3
phịu	3
phớ	3
phởn	3
pông	3
poóc	3
pà	3
pí	3
pít	3
quén	3
quài	3
quọ	3
quằm	3
quềnh	3
quệt	3
quỵt	3
qúy	3
radio	3
sắng	3
rim	3
róng	3
rẩy	3
rẫm	3
rũa	3
rắt	3
rõi	3
rệt	3
rớm	3
rườn	3
rượn	3
rềnh	3
trùn	3
rặng	3
rẻo	3
rệu	3
rỉnh	3
rởn	3
rửng	3
suyển	3
soài	3
suôn	3
suồng	3
sịch	3
sõng	3
sơm	3
tấy	3
sướt	3
sựt	3
sẵắn	3
sềnh	3
sệch	3
sọt	3
xố	3
sủ	3
vịn	3
tẻm	3
thảnh	3
thía	3
trủng	3
thoang	3
thom	3
thoã	3
thoòng	3
tháy	3
thè	3
thõa	3
thăn	3
thịu	3
thẩu	3
thẫn	3
thện	3
thồi	3
thổn	3
thỗn	3
thớ	3
trẻo	3
truông	3
trụa	3
trâng	3
trẹt	3
trém	3
trọt	3
trìu	3
tròm	3
trố	3
trư	3
trảo	3
trồ	3
trệu	3
trằn	3
trỗi	3
trẽo	3
tuềnh	3
trồi	3
ạ	3
tuýp	3
tuýt	3
tém	3
tũm	3
tòn	3
tọc	3
tểnh	3
tẻo	3
điệm	3
z	3
từa	3
un	3
viêng	3
ệch	3
vạnh	3
vày	3
xòe	3
vãnh	3
véc	3
vêu	3
vôn	3
vùa	3
vưởng	3
vọp	3
wiki	3
xiển	3
xom	3
xuề	3
xượi	3
xắt	3
xêm	3
xênh	3
xồ	3
xòm	3
xầm	3
xụt	3
xềnh	3
xủng	3
xức	3
ạt	3
ã	3
ọt	3
òng	3
đồm	3
ổng	3
ôxy	3
ắp	3
đoi	3
đum	3
đéo	3
đìu	3
đôm	3
đũm	3
đăk	3
đặn	3
đẫn	3
đắk	3
đỗng	3
đớ	3
ĩ	3
ĩnh	3
ầng	3
ập	3
ẹp	3
ề	3
ộc	3
ợ	3
dua	2
mrơn	2
nguỳ	2
ngùy	2
q	2
roàng	2
vao	2
acbit	2
amin	2
carbonic	2
nitric	2
acten	2
ad	2
pun	2
ampe	2
ampere	2
bum	2
ancol	2
etylic	2
apacthai	2
atlas	2
axetic	2
cacbonic	2
clohiđric	2
sunfurơ	2
đêôxiribônuclêic	2
axít	2
ayun	2
ađênôzin	2
triphotphat	2
balat	2
ballast	2
lưỡí	2
báp	2
batket	2
bem	2
den	2
blu	2
blốc	2
hiđrô	2
napalm	2
phặng	2
bonsevich	2
boóng	2
bromure	2
bru	2
đâng	2
bun	2
bungari	2
tría	2
buồi	2
sẹ	2
rậu	2
thím	2
rùn	2
tậu	2
pía	2
rợm	2
báy	2
khuâng	2
chượp	2
béng	2
nớ	2
bêtông	2
riếu	2
rếu	2
bíp	2
toài	2
mini	2
giua	2
luồi	2
bõng	2
mâp	2
nhùi	2
bụm	2
hăn	2
khoăn	2
bư	2
bưởng	2
điến	2
mế	2
háp	2
nhấy	2
hầy	2
bựa	2
bẩu	2
bẫng	2
kạn	2
bắng	2
đệp	2
nọn	2
bằn	2
bặn	2
bẵm	2
bặc	2
bẹc	2
bẹo	2
bẽn	2
lẽn	2
đìn	2
rệch	2
bỉu	2
bịn	2
rịn	2
bỏn	2
phượu	2
bếnh	2
bỗ	2
mản	2
xơm	2
bờn	2
nhợn	2
bủ	2
bủm	2
bứng	2
bứu	2
bửng	2
pốt	2
đioxit	2
cactông	2
cadé	2
cọn	2
đuờng	2
campuchia	2
kều	2
nghệu	2
nhòng	2
phạ	2
carbon	2
catxet	2
cham	2
chảm	2
chat	2
chem	2
cửng	2
trảu	2
chin	2
gon	2
chiện	2
khoi	2
khoong	2
khừa	2
pấc	2
pằn	2
sại	2
chiệc	2
choa	2
choái	2
choãi	2
choen	2
choàm	2
ngoạp	2
choách	2
loen	2
chuế	2
chuếch	2
chuếnh	2
chuệnh	2
chuỳ	2
chxhcn	2
ku	2
hảng	2
ảng	2
chãi	2
hẻ	2
chẹo	2
ché	2
m	2
chéng	2
lỉm	2
chìu	2
muồi	2
yển	2
chô	2
chõng	2
dêu	2
síu	2
hroi	2
chĩn	2
chũ	2
nhởi	2
drăng	2
prông	2
păh	2
pả	2
chườm	2
oạc	2
chạt	2
nhổng	2
chẹ	2
hẫu	2
chẫm	2
chậc	2
chội	2
pát	2
chọ	2
chặng	2
chịa	2
chẽm	2
chệt	2
hiđro	2
chịn	2
chỏ	2
chỏi	2
chộn	2
chời	2
chợn	2
gothic	2
chựng	2
clinke	2
clinker	2
out	2
cuông	2
riệu	2
gạnh	2
trốt	2
đỉ	2
cor	2
coóng	2
coọc	2
credit	2
card	2
crom	2
roa	2
cuba	2
cum	2
cuồn	2
cuộng	2
cuờng	2
khịa	2
rỡn	2
sáy	2
vom	2
càm	2
ràm	2
giâm	2
cạu	2
hẻn	2
nược	2
gion	2
tràu	2
đé	2
mưỡu	2
gồi	2
quình	2
đoác	2
cóm	2
py	2
oét	2
pếch	2
hươn	2
cônic	2
cún	2
vốc	2
dliê	2
drăm	2
jút	2
roá	2
róa	2
môt	2
pơng	2
cướng	2
khẩy	2
dít	2
cạm	2
cẫm	2
cẫn	2
cậm	2
kiễng	2
cặt	2
cọi	2
pài	2
pàng	2
cốctay	2
cộn	2
iran	2
iraq	2
cớm	2
cớt	2
cỡi	2
khốt	2
cứa	2
cức	2
nẫm	2
đểm	2
diết	2
dim	2
diu	2
dúa	2
diến	2
diềng	2
domino	2
doá	2
dumdum	2
dun	2
dủi	2
duyện	2
duôi	2
dzô	2
dá	2
dáu	2
dáy	2
dướng	2
guồi	2
luột	2
dượi	2
dèm	2
dèn	2
dén	2
déo	2
dìm	2
dìn	2
dỏm	2
dắc	2
dỏ	2
dóa	2
dói	2
dón	2
dóng	2
dôn	2
giắng	2
dụi	2
dún	2
dẩy	2
hấu	2
dảy	2
nhễu	2
dựt	2
dắm	2
dỏi	2
dằm	2
dịt	2
dẹo	2
dết	2
dệu	2
hờm	2
dịa	2
dồng	2
dộc	2
dộng	2
trằng	2
dữu	2
đrin	2
electronvôn	2
eng	2
sèo	2
fagôt	2
fan	2
fax	2
ship	2
fu	2
hd	2
fát	2
game	2
gamma	2
gara	2
gáu	2
gấn	2
lườn	2
tuông	2
ghiếc	2
ghiền	2
ghớm	2
ghìm	2
ghẽ	2
ghếch	2
ghểnh	2
ghệch	2
gie	2
gioan	2
giỏn	2
gioong	2
giú	2
giuđa	2
ítcariốt	2
giặn	2
khằn	2
kẹn	2
giướng	2
giề	2
giéo	2
maria	2
giòng	2
nồm	2
giói	2
giôn	2
giốt	2
giụi	2
giạc	2
giấn	2
giạp	2
giờn	2
thột	2
giắc	2
giắm	2
giắn	2
giỗi	2
gịa	2
giốc	2
trôm	2
giổi	2
gmt	2
glô	2
golf	2
gram	2
guột	2
lơgo	2
điêng	2
gách	2
gâm	2
gét	2
gích	2
gíp	2
quao	2
tróng	2
gũi	2
gường	2
gưởi	2
silicat	2
gại	2
rưỡi	2
gặn	2
gụi	2
gậm	2
gờn	2
hau	2
hiếc	2
hiếng	2
hiết	2
đễ	2
hường	2
tigôn	2
xim	2
hoăm	2
hoản	2
hoắt	2
hoẳn	2
hu	2
huênh	2
huầy	2
huỡn	2
hức	2
xiệc	2
hèo	2
hên	2
euclid	2
hởn	2
siểng	2
hóm	2
nảo	2
lìu	2
hướm	2
hươm	2
hườm	2
hạy	2
hawaii	2
hảm	2
hấm	2
hứ	2
ín	2
hắn	2
hẹt	2
hể	2
hị	2
hỗng	2
trưởnc	2
hộn	2
hới	2
hỡ	2
đỏi	2
hủng	2
hừa	2
hữ	2
ic	2
laser	2
offset	2
roneo	2
rônêô	2
tipô	2
typo	2
internet	2
javel	2
jeep	2
jin	2
jun	2
christ	2
jêsus	2
nitrate	2
khau	2
khiệng	2
khlá	2
khmer	2
trụng	2
khoành	2
êcle	2
xía	2
khoải	2
khoắc	2
khoắng	2
khoặm	2
khuắng	2
khuân	2
khuình	2
khoào	2
khoạng	2
khuỵu	2
khàng	2
khành	2
khạch	2
khẩm	2
kháo	2
kháy	2
khân	2
khèn	2
khẹc	2
khèo	2
khín	2
khòe	2
oà	2
khóm	2
nhôi	2
khúng	2
piêu	2
khớ	2
khưu	2
khươm	2
khạ	2
khấm	2
khần	2
khậc	2
khễnh	2
khằng	2
khẹt	2
khẻ	2
khẻo	2
khề	2
khềnh	2
khể	2
khộp	2
khụng	2
khụt	2
khủa	2
miểu	2
vống	2
quệ	2
kon	2
kpăng	2
krem	2
krông	2
kách	2
ôboa	2
đên	2
kót	2
kô	2
kôn	2
kĩnh	2
kơ	2
sìu	2
kẻm	2
kệnh	2
kễnh	2
tivi	2
l	2
linux	2
thoắng	2
liềng	2
sub	2
loanh	2
loàng	2
loáy	2
loạc	2
loắt	2
soẹt	2
lua	2
luyên	2
luôm	2
luýnh	2
luýt	2
luấn	2
toáng	2
muôi	2
nọi	2
lày	2
náng	2
lâp	2
léng	2
phéng	2
sởi	2
phêu	2
lìn	2
quíu	2
đíu	2
lón	2
xóng	2
lôgic	2
lăk	2
tũn	2
lơng	2
lướng	2
lưởi	2
lạị	2
lảm	2
nư	2
mết	2
đềnh	2
xệt	2
địu	2
lỏa	2
nhốc	2
lốm	2
tuật	2
lộm	2
quớ	2
tớp	2
xớp	2
lởi	2
lởn	2
lỡm	2
lụm	2
lủm	2
thấn	2
trơi	2
macma	2
magma	2
mể	2
crô	2
miểng	2
mum	2
muồm	2
muỗm	2
nivô	2
photocopy	2
mâng	2
đách	2
míu	2
môm	2
môtô	2
múm	2
măn	2
măngsông	2
mĩm	2
mũm	2
mũn	2
nâm	2
mơi	2
mưng	2
noa	2
mẽo	2
mầy	2
mớp	2
mứu	2
nhoèn	2
mẻo	2
mỏn	2
đóc	2
mủi	2
mủm	2
mứn	2
neon	2
net	2
york	2
ngam	2
ngám	2
ngáu	2
nghiễm	2
nghía	2
nghễnh	2
nghỉn	2
ngiên	2
ngoáp	2
ngoãn	2
ngoay	2
ngóe	2
ngoen	2
ngoáo	2
ngoạch	2
ngoạy	2
ngèo	2
nguây	2
nguầy	2
nguệch	2
nguồi	2
kịa	2
xửa	2
ngá	2
ngía	2
ngòn	2
ngù	2
ngú	2
ngẩy	2
ngẵng	2
ngơm	2
ngớp	2
ngưa	2
ngước	2
ngườ	2
ngường	2
ngịu	2
ngạ	2
ngấc	2
ngẩu	2
ngủi	2
ngễnh	2
ngệch	2
trản	2
ngồ	2
phệt	2
ngổng	2
ngỗi	2
ngợ	2
ngờm	2
ngửng	2
nhản	2
nhẹn	2
nhẻo	2
nhõi	2
nhương	2
nhoé	2
nhóe	2
nhoen	2
nhoàm	2
nhoạng	2
nhoá	2
nhóa	2
quàn	2
xia	2
nhày	2
nhớm	2
nháng	2
nhém	2
nhén	2
nhênh	2
nhõ	2
nhía	2
nhính	2
nhó	2
nhốt	2
nhõm	2
tráp	2
nhướng	2
nhạp	2
nhạu	2
nhần	2
nhẫm	2
nhịt	2
nhụi	2
nhếu	2
nhền	2
nhều	2
nhể	2
nhệu	2
nhối	2
nhồn	2
nhộm	2
nhừa	2
nhửng	2
niểng	2
niệc	2
nống	2
num	2
nấng	2
trửng	2
ny	2
nác	2
nám	2
nánh	2
toen	2
nênh	2
nú	2
núa	2
ron	2
nưng	2
rặc	2
nườm	2
nượp	2
nạy	2
rừ	2
nầm	2
nẫn	2
nỏm	2
ườn	2
nặm	2
nọt	2
nốp	2
supde	2
nỗng	2
nổng	2
nờ	2
nờm	2
nợp	2
nủa	2
nứng	2
nử	2
oách	2
ohm	2
online	2
oong	2
glai	2
ozon	2
ozone	2
oài	2
oạch	2
oăm	2
oắt	2
oẳn	2
oặt	2
panh	2
ph	2
păng	2
pháy	2
truờng	2
sex	2
phiu	2
phnôm	2
pênh	2
phom	2
phospho	2
phoóc	2
phum	2
phuy	2
phuốc	2
phài	2
phành	2
phỡn	2
phìa	2
phíp	2
phóc	2
phũ	2
phưởng	2
phượt	2
phạc	2
phầm	2
phắn	2
phệu	2
phớn	2
phời	2
phứt	2
phựt	2
phực	2
pinh	2
plây	2
pom	2
poăng	2
poọng	2
prôvăng	2
péo	2
thẻn	2
pán	2
páo	2
pâu	2
pó	2
quàu	2
quã	2
quạy	2
quại	2
quẽ	2
quạo	2
soóc	2
quẳng	2
quết	2
quệnh	2
quịt	2
quớt	2
quờn	2
rađiô	2
riệp	2
riệt	2
roentgen	2
rỏng	2
rum	2
ruốt	2
rụa	2
ràu	2
rến	2
rưới	2
rão	2
rẹo	2
ròm	2
rốp	2
rổng	2
rùm	2
rúp	2
vẩu	2
rưa	2
rứa	2
rươm	2
rướm	2
rạy	2
rựt	2
rỏi	2
rặm	2
rặt	2
rẻng	2
rếch	2
rểnh	2
rệ	2
rị	2
rịp	2
rỏn	2
rổn	2
rộm	2
rớp	2
rợt	2
rở	2
rởm	2
rựng	2
show	2
siu	2
xuyệt	2
soàm	2
soạp	2
soàn	2
soán	2
sỉnh	2
soạng	2
soải	2
tọ	2
suỵt	2
tennis	2
sây	2
sêu	2
sóm	2
sôn	2
sún	2
đoòng	2
vếu	2
sường	2
sạp	2
sảm	2
sất	2
sặm	2
sếch	2
sền	2
sọi	2
sốp	2
sồ	2
sỗ	2
sới	2
sớn	2
sớp	2
sụm	2
sừn	2
sựng	2
trẽ	2
thuấn	2
toạng	2
thé	2
thoai	2
thoà	2
thoá	2
thoăn	2
thum	2
thủm	2
đôminô	2
thuông	2
thuơng	2
thuể	2
thuồn	2
thuỗn	2
thàm	2
méxico	2
thẫm	2
thãi	2
phọc	2
thíp	2
thòa	2
thóa	2
thõm	2
thùn	2
thĩ	2
thớm	2
thẹp	2
thẽ	2
thều	2
thỏn	2
thồm	2
thồn	2
thộp	2
cornwall	2
ukraina	2
wales	2
tiển	2
tặn	2
top	2
topo	2
totem	2
toáy	2
toèn	2
toóc	2
triếp	2
triềng	2
trài	2
trày	2
trạy	2
trèm	2
trển	2
tròi	2
trõm	2
trĩnh	2
trặn	2
trịa	2
trụp	2
trúm	2
trịt	2
trạnh	2
trạt	2
trấy	2
trưỡng	2
ởn	2
trằm	2
trặc	2
trẹ	2
trếnh	2
trết	2
trệch	2
trỉa	2
trổi	2
trỗ	2
trộ	2
trờn	2
xùa	2
tèn	2
tèng	2
tén	2
têm	2
tìn	2
tởn	2
tóa	2
tôtem	2
tĩu	2
tưa	2
tắn	2
tườu	2
tược	2
ôzôn	2
tậm	2
tễnh	2
tọng	2
tịu	2
tẳn	2
tẹc	2
tẹp	2
tẽn	2
tềnh	2
tệp	2
tỉu	2
tỗng	2
tợ	2
tỹ	2
uên	2
uịch	2
uông	2
uýt	2
uể	2
uột	2
uỳnh	2
vectơ	2
vitamin	2
viền	2
viển	2
voice	2
volt	2
xuộm	2
ạnh	2
ệnh	2
xatanh	2
vọi	2
vòn	2
vùn	2
vẳng	2
đợt	2
vưỡng	2
vạm	2
vẹm	2
vẻn	2
vệt	2
vỏn	2
vồi	2
vửng	2
watt	2
word	2
world	2
ệt	2
xiêng	2
xiến	2
xiếu	2
xiều	2
xoải	2
xỏa	2
xoét	2
xoàm	2
xoành	2
xoát	2
xoèn	2
xun	2
xuềnh	2
xuệch	2
xể	2
xạp	2
xỡ	2
xàng	2
xành	2
xảm	2
xèn	2
xò	2
xỉnh	2
xóp	2
xùng	2
xăn	2
xẩu	2
xạu	2
xảnh	2
xảy	2
xầu	2
xẵng	2
xề	2
xệu	2
xịn	2
xốn	2
xồng	2
xộ	2
xởi	2
yêng	2
yô	2
yếng	2
yểng	2
â	2
ây	2
èng	2
đềm	2
òa	2
òi	2
đáu	2
đảy	2
đúa	2
đủi	2
đumđum	2
đung	2
đuy	2
đuềnh	2
đuểnh	2
đoãng	2
đèm	2
led	2
đíp	2
đôla	2
đún	2
đượi	2
đưỡn	2
ặp	2
đẵm	2
đẵn	2
đẽ	2
đẻo	2
đếch	2
đểnh	2
đệt	2
đụt	2
ạo	2
ảm	2
ỹ	2
ậc	2
ậng	2
ầu	2
ẫm	2
ằng	2
ệ	2
ện	2
ỏe	2
ồng	2
ộ	2
ộn	2
ợi	2
ỡm	2
ụa	2
ủn	2
ừng	2
giay	1
pac	1
posteriori	1
priori	1
rooi	1
ting	1
xing	1
xit	1
xpi	1
yun	1
aankondigingen	1
abampe	1
abc	1
abdiels	1
abel	1
abotin	1
abrading	1
abscess	1
abôm	1
acanthođi	1
acađêmi	1
acc	1
accordeon	1
accosin	1
account	1
ace	1
aceton	1
acetone	1
acetylen	1
acetylene	1
acgentit	1
acgilit	1
acginin	1
acginit	1
acetic	1
chlorhydric	1
sulfuric	1
aciditi	1
aclơkin	1
acmonica	1
acquy	1
acquyts	1
acre	1
actec	1
actin	1
actini	1
actinit	1
acuiti	1
acxênit	1
acđoa	1
hoc	1
adn	1
adrenalin	1
adsl	1
ae	1
aerobic	1
affabli	1
affrais	1
afghani	1
afin	1
afinơ	1
ag	1
agaisnt	1
agar	1
agon	1
aids	1
ailen	1
ailuro	1
airơlân	1
ak	1
al	1
alaikum	1
album	1
albumin	1
alcaloid	1
aldehyd	1
alexanđê	1
algol	1
algorithm	1
algérie	1
alizê	1
aliđat	1
alkaloid	1
allez	1
almanac	1
almanach	1
alophan	1
aloza	1
alphabet	1
alumin	1
alô	1
alơron	1
amadôni	1
amaton	1
amatơ	1
amazôn	1
ambrôsiô	1
ambrôzi	1
amen	1
ameniti	1
amerixi	1
ameriđi	1
ametit	1
amiabli	1
amian	1
amiant	1
amiante	1
amib	1
amidan	1
amilaza	1
amiloza	1
amino	1
aminoacid	1
amip	1
amiăng	1
amiđan	1
amiđin	1
amiđola	1
ammoniac	1
amnesti	1
amonan	1
amoni	1
amoniac	1
amonit	1
ampli	1
amply	1
ampun	1
amygdal	1
amygdala	1
amyla	1
amíp	1
anapet	1
anarchi	1
anatomi	1
anazon	1
anbe	1
anbeđô	1
anbom	1
anbum	1
anbumin	1
ancaic	1
ancaloit	1
ancan	1
andexit	1
andezin	1
andrés	1
angiê	1
angorit	1
angotua	1
angrili	1
angôrit	1
aniliti	1
animé	1
animê	1
ankan	1
ankanol	1
anken	1
ankin	1
anmanac	1
annam	1
annuiti	1
anoctit	1
anod	1
anode	1
anofen	1
anopheles	1
anot	1
anpaca	1
anpha	1
anphongsô	1
anphonsô	1
anpơ	1
anrê	1
anten	1
antenna	1
anthracit	1
antimon	1
antimony	1
antipirin	1
antipyrin	1
antraxit	1
antv	1
antô	1
antôn	1
antđ	1
anxet	1
anzus	1
anê	1
anôfen	1
anôt	1
anđehit	1
anđehyt	1
anđola	1
anđêhit	1
anốt	1
aoxơ	1
apartheid	1
apathi	1
apatit	1
apatite	1
apghan	1
api	1
aplau	1
aplenti	1
apphe	1
apphich	1
appli	1
applé	1
appétit	1
aptomat	1
aptơ	1
apxe	1
apxin	1
aq	1
aquyfer	1
aquyver	1
ar	1
aragonés	1
arbit	1
archli	1
ardèche	1
are	1
argentina	1
argosi	1
argumen	1
ariditi	1
aridli	1
ariet	1
arixtôt	1
ariôzô	1
ariăng	1
armonica	1
aroud	1
arsenic	1
arsenit	1
artel	1
arête	1
arập	1
as	1
ascobic	1
asean	1
asen	1
asenic	1
asenơ	1
asphalt	1
aspirin	1
asunción	1
atatin	1
athêna	1
atisô	1
atk	1
atlat	1
atlđ	1
atm	1
atmosphe	1
atmosphere	1
atmôfe	1
atpic	1
atpirin	1
atrophi	1
atropin	1
atropine	1
atropot	1
attaché	1
attô	1
atunob	1
atuns	1
atêriên	1
audio	1
augustinô	1
aunti	1
australia	1
autarki	1
automat	1
autopsi	1
avexta	1
aviditi	1
avô	1
axetat	1
axetilen	1
axeton	1
sunfuric	1
axolot	1
axtec	1
axêtat	1
axêtic	1
axêtilen	1
axêtôn	1
oxalic	1
ay	1
azot	1
aó	1
aõ	1
ađam	1
ađic	1
ađônít	1
aải	1
lit	1
babit	1
badinh	1
badôca	1
bagaten	1
baht	1
baidu	1
bairơn	1
bakelit	1
bakelite	1
bakêlit	1
balantơ	1
balboa	1
ballad	1
balmi	1
balê	1
balô	1
balông	1
bam	1
banboa	1
bancông	1
banjo	1
banjô	1
bantic	1
banđua	1
baobap	1
baopbap	1
bar	1
barem	1
baren	1
bari	1
barie	1
baritôn	1
barrel	1
barôc	1
barơ	1
basalt	1
base	1
basic	1
basoi	1
batfowl	1
batinê	1
batit	1
batoong	1
batrui	1
batê	1
batôlômêô	1
batư	1
bauxit	1
baxcơ	1
baxet	1
bazan	1
bazooka	1
bazôca	1
bazơ	1
bbc	1
bch	1
bchtw	1
bcnn	1
bct	1
beastli	1
becgiê	1
beckeli	1
becơren	1
belađon	1
beltent	1
benzen	1
benzene	1
benzoat	1
beri	1
berili	1
beyoncé	1
bfn	1
bgdđt	1
bgđ	1
bhallê	1
bhxh	1
bhyt	1
đup	1
bibôp	1
bichcôt	1
bichquy	1
bida	1
big	1
bigami	1
bih	1
binđinh	1
biogas	1
bios	1
biptêt	1
birr	1
bis	1
bismut	1
bismuth	1
bit	1
bitchi	1
bitcôt	1
bitmut	1
bitum	1
bitumum	1
biét	1
biêt	1
biđông	1
biểm	1
baltic	1
biễn	1
biễu	1
biệc	1
blackberry	1
blds	1
blenđơ	1
bloc	1
blockchain	1
blog	1
blowfli	1
bludông	1
blured	1
bluzông	1
blv	1
blâu	1
blô	1
blăng	1
blđtbxh	1
bn	1
bobbin	1
bobin	1
bobtain	1
bohri	1
boi	1
bok	1
bolivar	1
boliviano	1
bombê	1
bonnili	1
boocsơ	1
booczôi	1
boocđô	1
boom	1
boongke	1
booti	1
boski	1
bosomi	1
bossili	1
bothi	1
bounti	1
bowling	1
box	1
boăn	1
br	1
braian	1
brambli	1
branđi	1
brao	1
braxin	1
breik	1
bricđao	1
brigitta	1
brizơ	1
bro	1
brolli	1
brom	1
bromat	1
bronca	1
brunei	1
brushi	1
bruxen	1
bruxin	1
bruxit	1
brvt	1
brâu	1
brôm	1
brơ	1
brơten	1
bs	1
bsck	1
btv	1
đêh	1
bugi	1
buiabet	1
buji	1
bulô	1
bulông	1
bunke	1
bunker	1
bupbê	1
bupphê	1
burst	1
open	1
butila	1
butirat	1
butêlu	1
butêo	1
butđơ	1
buxin	1
buâng	1
buây	1
buôc	1
choah	1
buốn	1
buống	1
buỗi	1
buớc	1
bxl	1
byte	1
sofa	1
gìặt	1
bâ	1
bâc	1
bâi	1
bâm	1
bânh	1
bât	1
bãm	1
bãn	1
bãy	1
béchar	1
béó	1
bênađô	1
bênêđictô	1
bêp	1
bêrê	1
bêsamen	1
bêse	1
bêta	1
bím	1
bóoc	1
bôbin	1
bôc	1
bôcxơ	1
bôlivia	1
bôlykhămxay	1
bôlêrô	1
bôlômet	1
krang	1
bônifaciô	1
bônsêvich	1
bôtulin	1
bôđê	1
bõi	1
boạt	1
bùlon	1
fame	1
búc	1
búk	1
búyt	1
băc	1
băngca	1
băp	1
băt	1
bđ	1
bđbp	1
bđh	1
bđkh	1
bđs	1
bđvn	1
bũa	1
mấm	1
bơbơri	1
bơng	1
bơrin	1
bơt	1
bơđuin	1
bưa	1
bưc	1
bưi	1
bươc	1
bươi	1
bướp	1
bướt	1
bườm	1
bượp	1
sỉu	1
bạm	1
nhạng	1
bạoạo	1
bấng	1
bẫn	1
bẫu	1
bạp	1
bậng	1
xậu	1
bắ	1
carolina	1
bằ	1
bẳng	1
bặng	1
bẻn	1
bẻng	1
bếpbếp	1
bếu	1
bển	1
bịêt	1
bểnh	1
bộm	1
bớn	1
ngoong	1
bỡi	1
xụng	1
bủh	1
bửn	1
bựng	1
bựt	1
cabailơ	1
cabin	1
cacao	1
cacbin	1
cacbohiđrat	1
cacbonat	1
cacbonhiđrat	1
cacbua	1
cacođin	1
cacten	1
cactoit	1
cacđăng	1
cadmium	1
cafe	1
cafein	1
caffein	1
caffè	1
caffé	1
caffés	1
café	1
cafés	1
cafê	1
cafêin	1
caiac	1
cainit	1
cajơput	1
cal	1
calamin	1
calcium	1
cali	1
calib	1
calibre	1
califoni	1
calinit	1
calmli	1
calo	1
calory	1
caloza	1
calô	1
cambri	1
camfen	1
camnhông	1
campadegar	1
campanagara	1
campapura	1
camêra	1
cananda	1
canaxta	1
canađa	1
cand	1
candela	1
canguru	1
canhkina	1
canke	1
canon	1
canxi	1
canxit	1
canô	1
canông	1
canđêra	1
caolanh	1
caolin	1
caori	1
caosu	1
cap	1
capxun	1
capô	1
cara	1
caracas	1
caracun	1
caramen	1
carat	1
carate	1
caratê	1
caravat	1
caraôkê	1
carbin	1
carbonat	1
carbonate	1
carbur	1
cari	1
caribê	1
cartel	1
carêli	1
carô	1
casabah	1
cascadeur	1
cascôt	1
casino	1
casset	1
casusa	1
casơmia	1
catalogue	1
catalunya	1
catalô	1
catarina	1
catchi	1
cathod	1
cathode	1
cation	1
catket	1
catmi	1
catsê	1
catwalk	1
catôlit	1
catôt	1
cavat	1
cavatin	1
cave	1
caviti	1
caxpiên	1
cayen	1
cazein	1
cađela	1
cađimi	1
cađra	1
cađri	1
cađông	1
cc	1
cchn	1
cchắn	1
ccq	1
ccách	1
cd	1
cebu	1
ceciti	1
cedi	1
cello	1
cellulos	1
cellulose	1
cen	1
ceo	1
champa	1
charquy	1
chasmi	1
chassé	1
chasteté	1
chcc	1
chdc	1
cheapli	1
check	1
cheeki	1
cheesi	1
chesti	1
hđks	1
mt	1
ksmt	1
chiefli	1
chil	1
chill	1
tréc	1
chip	1
chiêc	1
chiêt	1
chiển	1
chiễm	1
chiệt	1
chiệu	1
chlor	1
chlorat	1
chlorate	1
chlorur	1
chlorure	1
chndth	1
chocolate	1
cholesterol	1
chom	1
chonh	1
choosi	1
choài	1
choán	1
choáy	1
choòng	1
choăn	1
choại	1
choắc	1
chrom	1
chtrị	1
chủa	1
chummi	1
chunki	1
chuyễn	1
chuân	1
chuôt	1
chuơng	1
chuản	1
chuần	1
chuẫn	1
chuận	1
chuểnh	1
chuổi	1
chuớc	1
chuỷ	1
chxhcnvn	1
quạp	1
chàu	1
chám	1
cháp	1
chávez	1
gièy	1
châng	1
châo	1
châp	1
chât	1
château	1
chãnh	1
bèng	1
chéc	1
sưòn	1
chêch	1
chên	1
chêt	1
chêu	1
chìn	1
chía	1
chọp	1
chóa	1
chón	1
chôc	1
chôi	1
chôt	1
chôông	1
chõa	1
chõi	1
chùc	1
chý	1
chăc	1
pôông	1
chăt	1
chĩ	1
chệm	1
chĩu	1
chũa	1
chũng	1
chơng	1
chơp	1
chơt	1
chơy	1
hmu	1
hreng	1
jor	1
krêy	1
rcăm	1
tupsa	1
chưc	1
chưi	1
chưn	1
chưong	1
chươc	1
chưởì	1
chại	1
chạu	1
chạồm	1
chẫn	1
chẩu	1
chẩy	1
chậy	1
chắng	1
chẳn	1
chẵng	1
lưỡỉ	1
chẻn	1
chến	1
chếp	1
chếđộ	1
chệp	1
chễ	1
chễnh	1
chệc	1
chỉm	1
chịm	1
chố	1
nẹ	1
chốp	1
chổ	1
chỗi	1
chộ	1
chộc	1
chộm	1
choạp	1
chụi	1
dada	1
fatxit	1
lenin	1
marx	1
sion	1
đađa	1
chủi	1
chủm	1
chủu	1
chủy	1
chứt	1
buộm	1
chửu	1
gotic	1
thuổc	1
chữi	1
chựa	1
chỵ	1
chỷ	1
cif	1
cissé	1
ck	1
cl	1
cla	1
clammi	1
clarinet	1
clariti	1
classi	1
clavico	1
clb	1
cleanli	1
cleopatra	1
clerisi	1
clerkli	1
clgt	1
cliché	1
clip	1
clisê	1
cloramin	1
clorat	1
cloric	1
clorua	1
clorơ	1
clotoit	1
clumsi	1
clêmêntê	1
clôture	1
cm	1
cmt	1
cn	1
cnc	1
cnsh	1
cntb	1
cntt	1
cnxh	1
coali	1
cobalt	1
coban	1
cobanat	1
coca	1
cocain	1
cocc	1
cocki	1
cockili	1
cocksi	1
cocktail	1
coctison	1
codein	1
codeine	1
coenzim	1
col	1
cola	1
colicki	1
cologa	1
cologarit	1
colon	1
colophan	1
come	1
comeli	1
comlê	1
commando	1
comment	1
commôt	1
commăng	1
compa	1
compass	1
complê	1
computer	1
compère	1
compôt	1
kde	1
ngươí	1
concert	1
concerto	1
conchi	1
concoit	1
concota	1
condé	1
confetti	1
conki	1
conoit	1
consol	1
console	1
consortium	1
constantinô	1
contac	1
contacting	1
container	1
continum	1
contrabass	1
conxecto	1
conxoocxiom	1
cooc	1
coocxê	1
cook	1
coonê	1
copek	1
copenixi	1
copernixi	1
copfa	1
copy	1
coquyto	1
coralit	1
cordoba	1
corinh	1
coronavirus	1
corpus	1
cortison	1
cortège	1
corvée	1
corê	1
cos	1
cosili	1
cosin	1
cosine	1
cosx	1
cot	1
cota	1
cotang	1
cotangent	1
cotton	1
couldn	1
coulomb	1
counti	1
coupé	1
cour	1
courtli	1
covelit	1
coâng	1
coócnu	1
cođit	1
cp	1
cpcmltchmnvn	1
cpu	1
cr	1
cra	1
cracki	1
crackli	1
crafti	1
cranki	1
crawli	1
crazili	1
creaki	1
creasi	1
creozot	1
crezola	1
crickê	1
crikê	1
crinkli	1
criôlit	1
crocki	1
crocoit	1
cromat	1
cromic	1
cromit	1
cromlec	1
croquys	1
crummi	1
crush	1
crusti	1
cruzerô	1
crèche	1
crème	1
crêp	1
crêpe	1
crôkê	1
crôm	1
crômeki	1
crômê	1
crôn	1
crưm	1
crếp	1
cs	1
csdl	1
csgt	1
cstt	1
csđt	1
ct	1
ctcp	1
cti	1
ctn	1
cttđvn	1
cty	1
cuaroa	1
cuarơ	1
cuboit	1
cuddu	1
cul	1
culi	1
culit	1
culon	1
culong	1
culông	1
cumingtonit	1
cupen	1
cur	1
curi	1
curoa	1
curtsi	1
curviti	1
cuset	1
cute	1
cutti	1
cuxinê	1
cuôc	1
cuôi	1
cuôn	1
cuôr	1
knia	1
cuơng	1
cuọc	1
phổí	1
cuồi	1
cuồm	1
cuỗm	1
cuột	1
cuới	1
cuời	1
cy	1
cybernetic	1
dy	1
kếu	1
roòng	1
ry	1
basa	1
chuôn	1
chẻng	1
gúng	1
mớmớ	1
pạo	1
trảnh	1
cáh	1
mững	1
cátcađơ	1
cátxét	1
câi	1
câp	1
cât	1
cẩy	1
cã	1
cãm	1
cãng	1
cãnh	1
cé	1
césar	1
cét	1
cê	1
cêp	1
cì	1
cí	1
cõm	1
cóa	1
cóoc	1
côc	1
côca	1
côcain	1
côctay	1
côhêrơ	1
côkitô	1
côla	1
côlectơ	1
côli	1
côlôfan	1
côlôm	1
côma	1
côngbat	1
côngbin	1
côngtenơ	1
côngtơ	1
côngtắc	1
côngxectô	1
côngxon	1
côngxoocxiom	1
cônhăc	1
cônhắc	1
côpêch	1
côran	1
côrantô	1
côriam	1
côrnêliô	1
côsec	1
côsin	1
côt	1
côtang	1
côte	1
côtlet	1
côtông	1
côđon	1
côđêin	1
côốc	1
cõ	1
cùa	1
cúa	1
cúu	1
că	1
căc	1
căngtin	1
căp	1
căt	1
cđ	1
cđdc	1
cđm	1
cđn	1
cđt	1
cđv	1
cĩ	1
cũa	1
cũm	1
cũũ	1
cơlê	1
cơvat	1
jiang	1
kti	1
kty	1
kuin	1
prao	1
pui	1
wi	1
êbur	1
cưc	1
cưòi	1
cưòng	1
cưói	1
cươc	1
cươi	1
cươn	1
cươp	1
cườn	1
cưởi	1
cưởng	1
cưỡ	1
cượng	1
cại	1
cạt	1
cảc	1
rảu	1
cấ	1
cẳón	1
cầ	1
lưỡì	1
cẫu	1
cậng	1
cắ	1
cắng	1
cằng	1
cẵng	1
cịt	1
cốn	1
cồi	1
syria	1
cới	1
rếp	1
cở	1
cợp	1
cụa	1
quẳn	1
cừa	1
cừi	1
cừng	1
cữa	1
ua	1
dacuyn	1
daili	1
dalasi	1
dam	1
dame	1
dancing	1
tiẻn	1
darki	1
darmstadti	1
davao	1
dazedli	1
dct	1
ddộ	1
dearli	1
debian	1
debit	1
debut	1
debâcle	1
deca	1
deci	1
decibel	1
decimet	1
default	1
deiti	1
dell	1
delta	1
delv	1
democratic	1
republic	1
of	1
korea	1
denar	1
derô	1
dgieh	1
diapham	1
dicdăc	1
dicki	1
didn	1
digami	1
digan	1
dilân	1
dinar	1
dinghi	1
dinki	1
diod	1
diode	1
dioptr	1
dioptre	1
dioxin	1
dirham	1
dirti	1
dirtili	1
divorcé	1
divz	1
diêp	1
diêt	1
diẽn	1
diền	1
diểm	1
diển	1
diểu	1
djini	1
dlv	1
dn	1
dnnn	1
doan	1
dobra	1
doesn	1
doili	1
dol	1
dollar	1
dolli	1
kay	1
măk	1
doping	1
dothái	1
doughi	1
doughti	1
download	1
doàn	1
doàng	1
doán	1
doãi	1
doãng	1
doòng	1
doạn	1
doạng	1
drabli	1
drachma	1
dragée	1
dram	1
dreami	1
dress	1
dressi	1
dropsi	1
droshki	1
drossi	1
drowsi	1
dtdđ	1
dualiti	1
duarchi	1
dubieti	1
dubni	1
duchi	1
ducki	1
dulli	1
dummi	1
duopoli	1
dura	1
duralumin	1
duski	1
duyêt	1
duyến	1
duân	1
duây	1
duông	1
duơn	1
duơng	1
duẩn	1
duẫn	1
duối	1
duồn	1
duồng	1
duổi	1
duộc	1
duộm	1
duới	1
duờng	1
duỡng	1
duợc	1
duỵu	1
dv	1
dvd	1
dyarchi	1
dyn	1
dynamit	1
dynamite	1
dynamo	1
dyne	1
dyệt	1
dzoãn	1
dzung	1
dziên	1
dzậy	1
dzẻ	1
dzếnh	1
dàm	1
dênh	1
dánh	1
dâ	1
dâi	1
dâp	1
dãng	1
dão	1
dèo	1
début	1
décor	1
dédaigner	1
dégagé	1
dém	1
démodé	1
dét	1
détente	1
sồm	1
dên	1
dêrô	1
dêt	1
dình	1
día	1
dòn	1
dóm	1
dót	1
dôc	1
dôt	1
dôõng	1
dõ	1
dùa	1
dùm	1
dùn	1
dú	1
dúp	1
dăt	1
dđ	1
dđkt	1
dđxd	1
dđxdvn	1
dĩn	1
dũn	1
dángdại	1
dưong	1
dưt	1
dươ	1
dươc	1
dươi	1
dươn	1
dước	1
dướn	1
dướu	1
dười	1
dưởng	1
dạnh	1
dảm	1
dảnh	1
dảo	1
dất	1
dầ	1
luyn	1
dẩu	1
dẫ	1
dắn	1
dẵng	1
dẹ	1
dẽo	1
nhũi	1
dếch	1
dếm	1
dến	1
dềng	1
dều	1
lưòng	1
ngườí	1
dệ	1
dệch	1
dện	1
dệnh	1
dỉa	1
dịn	1
dịnh	1
nhỉu	1
dọp	1
dọt	1
dố	1
dướỉ	1
dốn	1
dồ	1
dổ	1
dổm	1
dộ	1
dộp	1
dớp	1
dớt	1
dởm	1
dỡn	1
dợi	1
dợm	1
dợp	1
dợt	1
dụn	1
dụp	1
dụt	1
dụy	1
dủ	1
dứng	1
dứu	1
dửu	1
dững	1
dựn	1
dựu	1
earthi	1
ebiri	1
ebonit	1
ebonite	1
ebrieti	1
ecgôtin	1
eclôgơ	1
ecmin	1
ecmita	1
economi	1
ecpet	1
ecstasi	1
eczêma	1
edaciti	1
eeli	1
eighti	1
eke	1
el	1
nino	1
electron	1
elinva	1
elip	1
ellipse	1
elvz	1
email	1
embassi	1
emetin	1
emetine	1
empathi	1
employé	1
empti	1
emunsin	1
enacgit	1
engagé	1
engagés	1
enmiti	1
ennuyé	1
ennuyée	1
enolaza	1
enquyre	1
enquyry	1
ensteni	1
entanpi	1
entiti	1
entr	1
entropi	1
entropy	1
entrée	1
entrôpi	1
enzim	1
enzyme	1
enzêvia	1
manche	1
eoxen	1
eozin	1
ephedrin	1
ephedrine	1
epidot	1
epime	1
epixic	1
eponymi	1
epoxit	1
epsilon	1
epxilon	1
equabli	1
equyne	1
equynox	1
equyps	1
equyti	1
eribi	1
escudo	1
esonit	1
esperanto	1
esquyre	1
este	1
ester	1
estern	1
esteé	1
eta	1
etcuđô	1
ete	1
ether	1
ethylen	1
ethylene	1
etilen	1
eto	1
etoxila	1
etpigôn	1
etxăng	1
etyla	1
etylen	1
eu	1
euation	1
euopean	1
eurit	1
euro	1
europi	1
eutecti	1
ev	1
exiliti	1
exiton	1
exonit	1
exposé	1
extasi	1
extoni	1
fa	1
fabiên	1
facebook	1
faddinh	1
fairili	1
fakia	1
falec	1
falsiti	1
falăng	1
famili	1
fansipan	1
faquyr	1
faquyrs	1
fara	1
farad	1
faraddê	1
fascize	1
fastfood	1
fatuiti	1
fe	1
fecmi	1
feebli	1
feldspar	1
feldspat	1
felti	1
feluc	1
femtô	1
fen	1
fenola	1
fenspat	1
fenzit	1
ferit	1
feriti	1
feritin	1
ferrite	1
festival	1
fi	1
fiancé	1
fiancée	1
fibrociment	1
fibroximăng	1
fidde	1
fiddli	1
fifti	1
fikin	1
filieti	1
filli	1
filê	1
finicki	1
firefli	1
fishili	1
fixiti	1
fizê	1
fiôlô	1
flami	1
flanen	1
flashi	1
flecki	1
flek	1
fleks	1
flerovi	1
fleshi	1
fleshli	1
flex	1
flimsi	1
flinti	1
flirti	1
flo	1
floati	1
flocki	1
florida	1
florin	1
florua	1
flukili	1
flum	1
fluor	1
fluorur	1
fluorure	1
flycam	1
flát	1
flíp	1
flăng	1
foami	1
fob	1
folklor	1
folksi	1
fomanđehit	1
fomic	1
fomila	1
fomol	1
fonolit	1
fooball	1
foocmica	1
foot	1
forceps	1
forin	1
forint	1
forki	1
formaldehyd	1
formaldehyde	1
format	1
formica	1
formol	1
foulé	1
foxep	1
frailti	1
franc	1
franxi	1
frappé	1
fraxini	1
freckli	1
free	1
freeship	1
freshli	1
fresnen	1
friarli	1
friski	1
frizzli	1
frothi	1
frowsi	1
fruiti	1
frédéric	1
frêgat	1
frít	1
frông	1
frăng	1
frớt	1
ftp	1
fuarơ	1
fubsi	1
fucoza	1
fucsin	1
fugalli	1
fula	1
full	1
fulông	1
fumma	1
funki	1
funnili	1
furmeti	1
furô	1
fusti	1
fut	1
futhac	1
fuy	1
fvdp	1
féc	1
fê	1
fêlix	1
fête	1
fôctrôt	1
fôlat	1
fúc	1
fút	1
fải	1
gabardin	1
gabardine	1
gabađin	1
gacđiêng	1
gainli	1
gala	1
galamin	1
galen	1
galena	1
gali	1
gallery	1
gallon	1
galáctico	1
galê	1
galông	1
galôuây	1
galăng	1
gamen	1
gangster	1
ganiste	1
ganđa	1
ganđi	1
gaoxơ	1
gar	1
garô	1
gas	1
gassi	1
gato	1
gatô	1
gatơ	1
gau	1
gaudili	1
gavôt	1
gawkili	1
gaxtrin	1
gazen	1
gađolini	1
gb	1
gbit	1
gdp	1
gdđt	1
gecmani	1
gelatin	1
gemani	1
gene	1
geneva	1
gentli	1
geodesi	1
geoit	1
germanium	1
geting	1
gg	1
gh	1
ghinê	1
ghita	1
ghiđông	1
ghiện	1
ghuôi	1
ghuậy	1
ghuốm	1
ghuộm	1
gháp	1
gháu	1
ghéc	1
guổng	1
gúa	1
gủa	1
ghìn	1
ghín	1
ghính	1
ghít	1
ghóp	1
ghđb	1
ghập	1
ghẹt	1
ghễnh	1
ghệ	1
ghệt	1
ghỉ	1
ghị	1
ghịt	1
ghồ	1
ghụi	1
ghỷ	1
giacôbê	1
gialai	1
hẵm	1
giau	1
gibbsit	1
giclơ	1
giddili	1
gien	1
gifl	1
gigabit	1
gigabyte	1
gilê	1
gin	1
ginbe	1
baotixita	1
gioi	1
gioàng	1
gioác	1
gioóc	1
gioăng	1
gip	1
gipxi	1
girato	1
giuliô	1
giuse	1
giuýp	1
giuống	1
giuồm	1
giuỗi	1
dt	1
giào	1
giái	1
giánh	1
giáy	1
giâ	1
giâc	1
giân	1
giât	1
giãm	1
giè	1
giém	1
giêm	1
giênêrich	1
giêt	1
giêxu	1
gióc	1
gión	1
gióoc	1
gióp	1
giót	1
giô	1
giôi	1
giõi	1
giùn	1
giùng	1
giăc	1
giămbông	1
giăt	1
giơi	1
giư	1
giưa	1
giưng	1
giưò	1
giượng	1
giại	1
giạm	1
giảnh	1
giấo	1
tăngxin	1
giầnh	1
giẩu	1
giẩy	1
giậy	1
giẳn	1
giằm	1
giọc	1
giẵm	1
giẵng	1
gyạ	1
gỵa	1
giặy	1
giọ	1
giẹt	1
giếu	1
giệch	1
giọi	1
giọn	1
giố	1
giốp	1
giồ	1
giổ	1
giỗng	1
giộ	1
giộp	1
giớ	1
giởi	1
giởn	1
giỡ	1
giợm	1
giụm	1
giủi	1
giừ	1
giừơng	1
giử	1
giửa	1
giửi	1
giữu	1
glassi	1
glauca	1
glaucom	1
glaucoma	1
gleami	1
gleeti	1
glenga	1
glixerin	1
gloomi	1
glu	1
glucid	1
glucide	1
gluco	1
glucose	1
glucoza	1
glucozơ	1
glucô	1
glucôza	1
glucôzơ	1
glumli	1
gluxini	1
gluxit	1
glycerin	1
glycerine	1
glyxin	1
glôcôm	1
gnarli	1
gnp	1
gnuyên	1
goast	1
goati	1
goblanh	1
gomroon	1
goodli	1
google	1
googli	1
goong	1
gorilla	1
gorsi	1
gourde	1
goàm	1
goí	1
goục	1
gphđ	1
gps	1
gr	1
gra	1
grafit	1
grafitô	1
grandli	1
granit	1
granite	1
granito	1
graphit	1
graphite	1
graviti	1
greasi	1
greenland	1
grifông	1
grisli	1
gristli	1
grizzli	1
grouchi	1
gruye	1
gruyère	1
gruzia	1
gráp	1
grát	1
grêgôriô	1
grêmio	1
grôc	1
grôt	1
grúp	1
gs	1
gtvt	1
gtđb	1
gtải	1
guantánamo	1
guarani	1
guilder	1
guinea	1
guinée	1
guitar	1
gulô	1
gunđơn	1
gutsi	1
guđron	1
guơng	1
guội	1
guộn	1
gvcn	1
ghẹn	1
gành	1
gáng	1
gát	1
gâp	1
gât	1
gã	1
gécmani	1
gém	1
gép	1
gérard	1
gê	1
gêpa	1
gìa	1
gìm	1
gía	1
gíc	1
gít	1
gòi	1
gòong	1
gón	1
gôc	1
gôi	1
gônl	1
gôp	1
gôrila	1
gôtic	1
gôtíc	1
gùi	1
gú	1
gúc	1
gúm	1
gúp	1
găngxtơ	1
găp	1
găt	1
gđ	1
gđsx	1
gơi	1
gơm	1
gơn	1
gơnai	1
gơtit	1
gưi	1
gưm	1
gưới	1
gườ	1
gười	1
gượm	1
gạp	1
gạy	1
gải	1
gảnh	1
gận	1
gẩu	1
gẫn	1
gậ	1
ghình	1
gỏl	1
gao	1
gọc	1
gằng	1
gặ	1
gẽ	1
gềnh	1
gệt	1
gỉa	1
gị	1
gịt	1
gẵng	1
gỏ	1
gỏn	1
gốp	1
gốt	1
gồn	1
gộ	1
gớc	1
gới	1
ghiếp	1
gớt	1
gời	1
gợm	1
gợt	1
gụt	1
gủi	1
gứ	1
gứi	1
gứm	1
gừi	1
gử	1
gữi	1
habitué	1
hack	1
hacker	1
hackli	1
hadn	1
hafini	1
haiddơ	1
halogen	1
haloit	1
hambua	1
hammi	1
hanxtat	1
haptrăc	1
hapđala	1
hardili	1
harmonica	1
hasit	1
hasn	1
hassi	1
hattrick	1
haughti	1
havx	1
hazili	1
hađron	1
hcđ	1
hdi	1
hdv	1
hearti	1
hebrơ	1
hec	1
hecmit	1
hecta	1
hecto	1
heli	1
helium	1
hematit	1
hematite	1
hemoglobin	1
hepatit	1
heptôza	1
herb	1
garden	1
heresi	1
hermès	1
hernández	1
heroin	1
hertz	1
heuristic	1
hexan	1
hexoza	1
hg	1
đrô	1
hia	1
hiaxin	1
hic	1
hilariô	1
hinđu	1
hip	1
hop	1
hipebol	1
hiperon	1
hiphop	1
hippie	1
hippy	1
hiruđin	1
hiv	1
hix	1
hiêm	1
hiêp	1
hiêu	1
hiđenit	1
hiđrocacbon	1
hiđroclorua	1
hiđroxit	1
hiẻn	1
hiẻu	1
hiều	1
hiễm	1
hiễn	1
hiễu	1
hk	1
hlv	1
hmông	1
hning	1
hoai	1
hoanh	1
hocblen	1
hocmon	1
hocmôn	1
hollywood	1
holmme	1
holotip	1
holoxen	1
homestay	1
homon	1
hón	1
kong	1
honmi	1
hooc	1
hoocmon	1
hoocmôn	1
hooki	1
hooligan	1
hormon	1
hormone	1
horsi	1
hosesàn	1
hot	1
hotel	1
hourli	1
hoxtơ	1
hoái	1
hoáng	1
hoát	1
hoâ	1
hoâi	1
hoân	1
hoãng	1
hoăc	1
hoạc	1
hoắng	1
hoặch	1
hoặn	1
hoặt	1
hryvnia	1
hrê	1
hsd	1
ht	1
html	1
http	1
htx	1
htđ	1
hua	1
hublông	1
huffili	1
hui	1
hunki	1
hurôn	1
huski	1
huskili	1
hussi	1
huyênh	1
huyêt	1
huyến	1
huây	1
huông	1
huơng	1
huếnh	1
huốt	1
huồi	1
huồm	1
huồn	1
huổi	1
huội	1
huớng	1
huờn	1
huởng	1
huỷnh	1
hxh	1
hyalit	1
hyddrat	1
hyddro	1
hyddrua	1
hyddrô	1
hydrocarbon	1
hydrochlorur	1
hydrogen	1
hydroponic	1
hydroxid	1
hydroxide	1
hydrô	1
hyginô	1
hypebol	1
hyperbol	1
hyđrat	1
hyđro	1
hyđrô	1
hz	1
hâ	1
hâng	1
hâp	1
hã	1
hén	1
hép	1
hêbrơ	1
hêgira	1
hêli	1
hêparin	1
hêrôin	1
hêt	1
hêđôm	1
hìn	1
hía	1
híc	1
hím	1
hính	1
hípxtơ	1
hòai	1
hòan	1
hòang	1
hòanh	1
hóoooa	1
hôligân	1
hôlônôm	1
hôlơrit	1
hôme	1
hôp	1
hôraxơ	1
hõ	1
hõa	1
hõi	1
hõm	1
hùynh	1
húa	1
húyt	1
hăy	1
hđ	1
hđbt	1
hđh	1
hđnd	1
hđqt	1
hđrung	1
hđttkt	1
hđxx	1
hĩm	1
hĩu	1
hũm	1
hũy	1
hơgơr	1
prong	1
hơlê	1
hơm	1
hơng	1
hơp	1
hơt	1
hưa	1
hưc	1
hưong	1
hưóng	1
hươc	1
hưỏng	1
hườn	1
hưởn	1
hưỡng	1
hượm	1
hượu	1
nilon	1
hản	1
hảnh	1
hảy	1
hấng	1
hấy	1
hẫm	1
hẫn	1
hẫp	1
hậy	1
hẳm	1
hẵn	1
hẵng	1
hặm	1
hẹm	1
hẹo	1
hẽ	1
hẽm	1
hẽo	1
hế	1
hếp	1
hễ	1
hỉn	1
hỉu	1
hỉển	1
hỉểu	1
họach	1
họat	1
troẹt	1
họi	1
họm	1
hốn	1
hồm	1
hớng	1
hởng	1
hỡm	1
hợ	1
hụm	1
hủa	1
hứt	1
hừm	1
hửi	1
hửu	1
hữa	1
hựnh	1
hỳ	1
hỵ	1
hỹ	1
ia	1
iai	1
iambơ	1
ib	1
icili	1
icki	1
ictêri	1
iddêan	1
ignobli	1
ilini	1
illustrator	1
imit	1
imiđo	1
impo	1
lito	1
inaniti	1
inbox	1
inch	1
inchest	1
include	1
infami	1
info	1
ingénue	1
inhaxiô	1
inli	1
inmenit	1
inox	1
input	1
inquyre	1
insulin	1
insơ	1
intranet	1
inôc	1
inđi	1
inđô	1
inốc	1
iobi	1
iod	1
iodat	1
ioddic	1
ioddua	1
iode	1
iot	1
iota	1
iođofom	1
ipad	1
ipêrit	1
irateli	1
irc	1
iriddi	1
iriđi	1
isave	1
iso	1
isoenzym	1
isogami	1
isp	1
israel	1
isulin	1
it	1
itacơ	1
itxlam	1
itơnet	1
ivoire	1
ixlam	1
ixraen	1
iêm	1
iên	1
iêu	1
iôlit	1
iôn	1
iông	1
iôt	1
iôta	1
iđêan	1
iếc	1
iến	1
iếng	1
iền	1
iều	1
iểm	1
iển	1
iểu	1
iện	1
iệp	1
iệu	1
iốt	1
j	1
jacket	1
jacôbi	1
jakarta	1
jatpe	1
java	1
jaz	1
jazz	1
jecxi	1
jelp	1
jemmi	1
jerkili	1
jiujitsu	1
jolti	1
jonquyl	1
joocjet	1
jordan	1
josé	1
joule	1
juddô	1
judo	1
judô	1
juliêng	1
jumbli	1
jupe	1
juđô	1
jésus	1
jêgơ	1
jêsu	1
jì	1
jíp	1
júp	1
jăm	1
jơ	1
jắc	1
kacate	1
kafiri	1
kaki	1
kampốt	1
kangaroo	1
kannađa	1
kaolin	1
kappa	1
karaoke	1
karate	1
karatê	1
kađai	1
kb	1
kcs	1
kecnit	1
keenli	1
kelvin	1
kentơki	1
kenvin	1
ketri	1
ketxan	1
ketxon	1
keyboard	1
kg	1
khaki	1
khin	1
khiêp	1
khiêt	1
khiđược	1
khiền	1
khiểm	1
khkt	1
phlạo	1
khoén	1
khoixan	1
khong	1
khonh	1
khoàn	1
khoách	1
khoâng	1
khoãn	1
khoãng	1
khoắm	1
khoẳng	1
khui	1
khuyêt	1
khuyếch	1
khuyễn	1
khuât	1
khuýp	1
khuơ	1
khuến	1
khuều	1
khuể	1
khuỉnh	1
khuống	1
khuồi	1
khuộc	1
khuờ	1
khuỵ	1
khuỷ	1
khuỷnh	1
khyếm	1
khyến	1
khyển	1
dống	1
kháp	1
khâng	1
khây	1
khã	1
khèng	1
khèu	1
khên	1
khìa	1
khíp	1
khíu	1
khòn	1
khóai	1
khóan	1
khônh	1
khõa	1
khõe	1
khùa	1
khùn	1
khă	1
khăc	1
khăp	1
khăt	1
khđt	1
khũc	1
khũng	1
khơp	1
khươi	1
khưới	1
khượt	1
khạp	1
pẻ	1
khảch	1
khảy	1
khưởng	1
khấy	1
khầm	1
khầng	1
khẫu	1
khậm	1
khẳ	1
khẵng	1
khếch	1
khệch	1
khểu	1
khỉu	1
khịu	1
khọn	1
khỏ	1
khỏan	1
khồi	1
khồng	1
khỗ	1
khới	1
khĩnh	1
khời	1
khở	1
khụm	1
khụp	1
khụy	1
khủn	1
khủy	1
khủyu	1
khửa	1
khữa	1
khựa	1
khựi	1
crin	1
kibbut	1
kilobit	1
kilobyte	1
kilogam	1
kilogram	1
kilomet	1
kilooat	1
kilowatt	1
kilti	1
kilô	1
kilôgam	1
kilôlit	1
kilômet	1
kilômét	1
kilôoat	1
kilôton	1
kilôvon	1
kilôxic	1
kimono	1
kimônô	1
kin	1
kina	1
kinacrin	1
kinaza	1
kincôp	1
kinin	1
kinô	1
kip	1
kipbi	1
kirixitô	1
kitin	1
ngung	1
kiêp	1
kiêt	1
kiôt	1
kiếc	1
kiển	1
kiễm	1
kiễn	1
kiễu	1
kiệp	1
klenz	1
kleofas	1
klq	1
klytron	1
km	1
kmun	1
knotti	1
ko	1
koala	1
koinou	1
koiné	1
koinés	1
komitet	1
koruna	1
kpă	1
kqndvn	1
kre	1
krest	1
kreyòl	1
kripton	1
krona	1
krone	1
kroon	1
kruna	1
krung	1
kt	1
ktlê	1
ktt	1
ktul	1
kua	1
kudzu	1
kuklux	1
kumsusan	1
kuna	1
kung	1
kute	1
kuyến	1
kuênh	1
kuýp	1
kuỏ	1
kuốp	1
kuồm	1
kw	1
kwacha	1
kwanza	1
kwelz	1
kwent	1
kwest	1
kwh	1
kyat	1
kyodan	1
kà	1
kàm	1
kàng	1
kàu	1
kác	1
kái	1
kám	1
kâu	1
kéc	1
kêa	1
kêfia	1
kênia	1
kêpi	1
kêt	1
kĩn	1
kílômet	1
kím	1
kòi	1
kòn	1
kó	1
kóc	1
kôtô	1
kùn	1
kú	1
kúc	1
kún	1
kút	1
kđrao	1
kđt	1
kơm	1
kư	1
kưa	1
kưng	1
kười	1
kường	1
kả	1
kảm	1
kẳng	1
kẹc	1
kẽn	1
kếnh	1
kang	1
kễ	1
kỉm	1
kỉu	1
kịn	1
kịnh	1
kỏi	1
kố	1
kốc	1
kụ	1
kục	1
kủa	1
kủo	1
kực	1
hủó	1
nina	1
labo	1
lacooc	1
lactat	1
lactaza	1
lactoza	1
lade	1
ladơn	1
laiti	1
lambda	1
lamdda	1
lameli	1
lancasơ	1
langôba	1
lanhgô	1
lanhtô	1
lantan	1
lanthan	1
lanô	1
laptop	1
larging	1
lari	1
larki	1
lat	1
laterit	1
lati	1
latin	1
latte	1
latti	1
lavabo	1
lavabô	1
lave	1
lavôta	1
laxiti	1
laxli	1
layơn	1
laze	1
lazili	1
lazăng	1
lađinô	1
lc	1
lcđ	1
leaki	1
lefti	1
legalli	1
legibli	1
lei	1
lek	1
lemmut	1
lempira	1
lenddô	1
leninit	1
leniti	1
lenition	1
leone	1
leprosi	1
les	1
leu	1
leuxin	1
leuxit	1
lev	1
leviti	1
lewdli	1
lhq	1
licence	1
licnin	1
liddit	1
lie	1
lightli	1
lilangeni	1
sẹt	1
limonit	1
phộc	1
linhin	1
linsơ	1
lintô	1
distribution	1
linô	1
liparit	1
lipaza	1
lipid	1
lipit	1
liquyd	1
lira	1
litas	1
lithi	1
lithium	1
liti	1
litopon	1
litô	1
liuzit	1
live	1
livermori	1
liveshow	1
livestream	1
lividli	1
livrơ	1
livơpun	1
lixtơ	1
lizin	1
lizon	1
lizozim	1
liêt	1
liết	1
liểu	1
liệc	1
liện	1
lk	1
rit	1
localli	1
locki	1
loftili	1
log	1
loga	1
logarit	1
logarithm	1
logo	1
looseli	1
lorenxi	1
lorenxơ	1
lossi	1
loti	1
loudli	1
lousili	1
loverli	1
loyalli	1
loyalti	1
loác	1
loán	1
loáo	1
loâng	1
ngoăng	1
loạch	1
loả	1
loắn	1
loằn	1
nhoằng	1
loẻng	1
xoẻng	1
loẻo	1
loỏng	1
lqđ	1
luca	1
lucidli	1
luciô	1
luckili	1
lunatus	1
luput	1
luridli	1
lustili	1
luteti	1
lutexi	1
luxơ	1
luyệt	1
luât	1
luây	1
luých	1
luơng	1
luổng	1
luỗng	1
luội	1
luới	1
luớt	1
luợc	1
luợng	1
luợt	1
lyard	1
lyart	1
lycée	1
lyxê	1
lám	1
xáu	1
lânh	1
lâo	1
lât	1
lâyt	1
lãy	1
lèõ	1
xẹ	1
đém	1
léquipe	1
lêch	1
lêchho	1
lêm	1
lêmon	1
phênh	1
lênin	1
lêninit	1
lêô	1
lía	1
martin	1
lócúi	1
thóm	1
đóp	1
lôbêli	1
lôc	1
lôcôt	1
lôga	1
lôgarit	1
lôgarít	1
lôgíc	1
lôp	1
lôrensô	1
lôt	1
lôông	1
võnc	1
lúcio	1
lăc	1
lăclê	1
lẳm	1
lănh	1
lăp	1
lăt	1
lđ	1
lđbđ	1
lđlđ	1
lđtb	1
lđtbxh	1
lđvp	1
lũa	1
muya	1
pang	1
lơm	1
lơp	1
lưc	1
lưong	1
lưt	1
lươc	1
lươi	1
lươt	1
lưọng	1
lưọt	1
lướp	1
lướu	1
đướu	1
lượ	1
lượi	1
bượt	1
tray	1
lạtđà	1
lầ	1
dẩm	1
chẵm	1
lẫu	1
lế	1
lến	1
lếp	1
lền	1
lển	1
lểnh	1
halloween	1
lễu	1
lệc	1
lệu	1
lỉ	1
lỉệu	1
lịt	1
lọa	1
lọai	1
phọp	1
lỏ	1
lống	1
lổi	1
lỗm	1
bỗm	1
lỗng	1
buội	1
lớc	1
thờm	1
lỡi	1
lợng	1
lụận	1
lủa	1
lủy	1
lứ	1
lứng	1
khửng	1
lữu	1
lựm	1
lựợm	1
macgarin	1
macketinh	1
mackizơ	1
macmôt	1
macnali	1
macnơ	1
macro	1
mactensit	1
mactet	1
mactin	1
macuba	1
macxala	1
macxim	1
macxit	1
macxoen	1
macô	1
maddrai	1
madli	1
mafia	1
magarin	1
magazin	1
magi	1
magie	1
magiê	1
magnesium	1
magnetit	1
magnetite	1
magneto	1
maket	1
malanh	1
malincơ	1
maltos	1
maltose	1
malé	1
mammuth	1
manat	1
mandolin	1
manga	1
mangan	1
manganese	1
manhetit	1
manheto	1
manhêtô	1
manila	1
manip	1
maniven	1
manli	1
mannoza	1
mantaza	1
mantoza	1
mantơ	1
manuca	1
manát	1
maníp	1
manđê	1
manơcanh	1
maquys	1
marathon	1
marinat	1
mark	1
marketing	1
markka	1
maroc	1
marquys	1
marshi	1
martinô	1
marxist	1
marxit	1
marôn	1
maser	1
massage	1
mastic	1
matinée	1
mattit	1
matxa	1
matxcơva	1
maté	1
matê	1
maxicot	1
mayfli	1
mayso	1
mayô	1
maze	1
mazut	1
mađêra	1
mađơlen	1
mb	1
mbbg	1
mbit	1
mc	1
mdhur	1
meali	1
meanli	1
measli	1
media	1
meekli	1
mega	1
megabit	1
megabyte	1
meitneri	1
melitic	1
melo	1
meluc	1
mem	1
meme	1
memristor	1
menthol	1
mentola	1
mentor	1
menu	1
menđelevi	1
menđen	1
merx	1
meson	1
metame	1
metan	1
methane	1
methoxy	1
metical	1
metl	1
metro	1
metyla	1
metylen	1
mev	1
mezome	1
mezon	1
mg	1
mia	1
mic	1
mica	1
micae	1
micro	1
microcomputer	1
microfich	1
microfiche	1
microfilm	1
micron	1
micrô	1
micơrô	1
midanao	1
mielin	1
mifepristone	1
mighti	1
mildli	1
mili	1
miligam	1
mililit	1
milimet	1
milimét	1
milivôn	1
mim	1
minddiu	1
minecraft	1
mingai	1
minơ	1
mioxen	1
miserli	1
mittinh	1
miu	1
mixtran	1
miéng	1
miêt	1
miăng	1
miẽn	1
miếc	1
miềm	1
miềng	1
miển	1
miễm	1
miễng	1
miễu	1
miệu	1
mk	1
ml	1
mlem	1
mluộm	1
mlời	1
mm	1
mn	1
mnhuộm	1
mnhời	1
mnông	1
moa	1
moao	1
moay	1
moayơ	1
mobilet	1
mocfin	1
mocphin	1
model	1
modem	1
modern	1
module	1
moggied	1
moieti	1
moisti	1
mol	1
molipđen	1
mommi	1
money	1
order	1
mono	1
monoit	1
monome	1
monomer	1
monoxit	1
montage	1
monthli	1
montréal	1
moocchê	1
moong	1
mophin	1
morasse	1
morat	1
morit	1
morphin	1
morphine	1
morse	1
moruy	1
morơ	1
moscela	1
moscovi	1
mostli	1
mouthi	1
mouting	1
moâi	1
moạ	1
moả	1
moọc	1
mp	1
mps	1
mtdtgpmnvn	1
mtq	1
mtv	1
mual	1
mucki	1
muggle	1
mummi	1
musicle	1
mustn	1
muxcat	1
muxơlin	1
muy	1
muấy	1
muồn	1
muổng	1
muờng	1
mxh	1
myrose	1
myxin	1
màm	1
máccô	1
máctinô	1
málaga	1
mám	1
xcơ	1
mátthêu	1
scan	1
mâ	1
mât	1
mãu	1
mãy	1
méc	1
ménage	1
méng	1
mêga	1
mêgabit	1
mêgajun	1
mêgaoat	1
mêgavon	1
mêgaxic	1
mêgôm	1
mêhicô	1
mêlamin	1
mêlanin	1
mêlinit	1
mêlô	1
mêm	1
mêng	1
mêrinô	1
mêrôvê	1
mêt	1
mêta	1
mêtan	1
mêtric	1
mêtrô	1
mêzon	1
mêđia	1
xớm	1
mìm	1
mín	1
mính	1
mòa	1
móa	1
nghéo	1
móoc	1
môbilet	1
môc	1
môca	1
môddem	1
môddun	1
môhamet	1
tều	1
mômen	1
mônacô	1
môngtagiơ	1
mônica	1
mônoit	1
mônôtip	1
môtip	1
môtơ	1
môze	1
môzen	1
môđec	1
môđula	1
môđun	1
môđéc	1
mõi	1
mõn	1
mùc	1
mý	1
măc	1
sết	1
măngtô	1
măngđa	1
măngđôlin	1
măt	1
mđhur	1
mĩa	1
mĩnh	1
mơghin	1
mơm	1
mơnuet	1
mư	1
mưc	1
mươt	1
mướu	1
mườn	1
mược	1
mạm	1
gứng	1
mầng	1
mậm	1
mậy	1
mắ	1
mằng	1
mẳng	1
mặ	1
mẹc	1
mẹng	1
mếm	1
mềnh	1
mểm	1
mệ	1
mệc	1
mìu	1
mỉn	1
mỉnh	1
mịa	1
mịnh	1
pecmatit	1
scacnơ	1
mốp	1
mổi	1
mổng	1
mội	1
mộngtriệu	1
vèn	1
mộtcông	1
mờm	1
mởi	1
mụi	1
mụm	1
mụng	1
mụp	1
mủa	1
mừ	1
mửng	1
mữa	1
mự	1
mựa	1
mựt	1
mỷ	1
nail	1
naira	1
naitid	1
naiveli	1
naiveti	1
nakedli	1
nakfa	1
sudan	1
nano	1
nanosec	1
nanous	1
nanxuc	1
nanô	1
nanômét	1
napan	1
naphthalen	1
naphthalene	1
napoli	1
napoléon	1
nasa	1
nasalli	1
natri	1
natrium	1
ncs	1
ndt	1
nefrit	1
nekst	1
nelt	1
nelz	1
neoddim	1
neozoi	1
neođim	1
neptuni	1
neural	1
neuron	1
neutron	1
wave	1
newsi	1
newton	1
ngau	1
đuôn	1
nghen	1
nghim	1
nghiêp	1
nghiêt	1
nghiẹp	1
nghiềm	1
nghiễn	1
nghoèo	1
nghàng	1
nghành	1
nghách	1
nghêng	1
nghìm	1
nghít	1
nghò	1
nghơi	1
nghư	1
nghạch	1
nghẫm	1
nghẻ	1
nghẻo	1
nghẽ	1
nghế	1
nghền	1
nghểnh	1
nghệm	1
nghệp	1
nghỉa	1
nghịp	1
nghộ	1
nghờ	1
nghỹ	1
ngiệm	1
ngiệp	1
ngiụ	1
ngnd	1
ngoam	1
ngoang	1
ngoảng	1
ngoc	1
ngoẩy	1
ngoem	1
ngoén	1
ngong	1
ngoà	1
ngoào	1
ngoàị	1
ngoách	1
ngoăn	1
ngoăt	1
ngoản	1
ngoắng	1
ngoẹt	1
ngoẻm	1
ngultrum	1
ngun	1
nguyêt	1
nguyến	1
nguyển	1
nguòi	1
nguôn	1
nguých	1
nguơ	1
nguơi	1
nguấy	1
nguếch	1
nguốn	1
nguồng	1
nguời	1
nguỡng	1
nguợc	1
ngánh	1
ngâi	1
ngâng	1
ngânh	1
ngâp	1
ngât	1
ngét	1
ngênh	1
ngêu	1
ngòai	1
bãng	1
ngóeo	1
ngôc	1
ngôt	1
ngọm	1
ngõm	1
ngúm	1
ngún	1
ngăt	1
ngĩ	1
ngĩa	1
ngĩnh	1
ngũi	1
ngũn	1
ngỡn	1
ngũng	1
ngơn	1
ngưc	1
ngưi	1
ngưoi	1
ngưt	1
ngưòi	1
ngươc	1
ngương	1
ngưới	1
ngườii	1
ngườm	1
ngưởi	1
nghến	1
ngảng	1
ngứng	1
ngầng	1
ngẫng	1
ngheo	1
nghiu	1
ngẵn	1
ngẹn	1
ngẹt	1
ngẻo	1
ngẽn	1
ngếch	1
ngệ	1
ngịch	1
ngọai	1
nghẻn	1
hủm	1
bệp	1
ngổi	1
ngoảm	1
ngỗn	1
ngộp	1
ngờõ	1
ngở	1
ngỡi	1
ngỡm	1
ngụm	1
ngoẳn	1
ngẳn	1
ngoẳng	1
ngứt	1
ngừi	1
ngừoi	1
ngử	1
ngửu	1
ngữa	1
nhauhau	1
nhgự	1
nhinh	1
nhiu	1
nhièu	1
nhiêm	1
nhiêp	1
nhiêt	1
nhiết	1
nhiếu	1
nhiền	1
nhiểm	1
nhiểu	1
nhiễn	1
nhiện	1
nhiệp	1
nhiệu	1
nhoang	1
nhoay	1
nhoong	1
nhoác	1
nhoặn	1
nhui	1
nhun	1
nhuyến	1
nhuyền	1
nhuyển	1
nhuân	1
nhuây	1
nhuôi	1
nhuấy	1
nhuếnh	1
nhuồm	1
nhuồn	1
nhuội	1
nhuộn	1
nhuộng	1
thôể	1
nhâ	1
nhâo	1
nhâp	1
nhât	1
nhãm	1
nhãnh	1
nhãy	1
nhèn	1
nhên	1
nhìm	1
nháu	1
nhín	1
nhòn	1
nhoam	1
nhôt	1
nhôông	1
nhõn	1
nhù	1
nhúch	1
nhúi	1
nhăc	1
nhăt	1
nhĩn	1
nhơi	1
nhơt	1
nhưa	1
nhưc	1
nhưn	1
nhươc	1
nhưới	1
nhướn	1
nhười	1
nhạ	1
nhảng	1
nhảo	1
nhấ	1
nhợp	1
nhẫng	1
nhậ	1
nhặc	1
nhếcch	1
nhề	1
nhểu	1
nhệch	1
nhỏe	1
nhốp	1
nhỗ	1
nhội	1
nhoạm	1
nhờm	1
nhứng	1
nhừng	1
nhử	1
nhữn	1
nhựng	1
nhỷ	1
nhỹ	1
trat	1
niaxin	1
niceli	1
niceti	1
nick	1
nickel	1
nicotin	1
nicotine	1
nicôtin	1
nighti	1
nihoni	1
niken	1
nilông	1
nineti	1
ninthli	1
niobi	1
nitrit	1
nitrogen	1
nitroglyxerin	1
nitrơ	1
nitơ	1
niutơn	1
niêt	1
niếp	1
niền	1
niển	1
niểu	1
niện	1
niệp	1
niệt	1
nlđ	1
noazet	1
nobeli	1
nobli	1
noel	1
noisi	1
notebook	1
nouméa	1
noviti	1
noọng	1
nq	1
nsnd	1
nst	1
nsx	1
nsưt	1
nt	1
ntbs	1
ntinli	1
ntm	1
ntn	1
ntv	1
nucleon	1
nuclit	1
nuclêic	1
nuga	1
nui	1
numbli	1
numulit	1
numéro	1
nuther	1
nutti	1
nuây	1
nuốc	1
nuốm	1
nuốn	1
nuộc	1
nuớc	1
nuớu	1
nuỵ	1
nxb	1
nyc	1
nylon	1
nàm	1
nàu	1
nàọ	1
nàỏ	1
miẻo	1
nán	1
náp	1
nâo	1
nâp	1
nãn	1
nãng	1
nãnh	1
nè	1
nèn	1
néc	1
née	1
négligé	1
néng	1
nêgut	1
nêp	1
nêpan	1
nêông	1
nìm	1
ním	1
nò	1
nòm	1
nóa	1
nóp	1
nôben	1
nôen	1
nôgin	1
sợt	1
nôp	1
nôt	1
nôốc	1
nù	1
nùn	1
dýn	1
rỵn	1
slìn	1
nđ	1
nđt	1
nĩ	1
nĩa	1
nũa	1
nũi	1
nũy	1
nơn	1
nơron	1
nơtrinô	1
nơtron	1
nơtrôn	1
nưc	1
nưóc	1
nươc	1
nươi	1
nươm	1
nướ	1
javen	1
nướu	1
nấ	1
nầy	1
nẩu	1
nẫy	1
pung	1
nậng	1
nật	1
nậy	1
nắt	1
nẳm	1
nẳng	1
nẵn	1
nẹn	1
nẽn	1
nẽo	1
nếnh	1
nềm	1
nều	1
nễ	1
nễu	1
nện	1
nệp	1
nỏi	1
nỏng	1
nố	1
nồ	1
nồn	1
nộc	1
nột	1
nớc	1
nời	1
nỡm	1
nụm	1
nụy	1
nừa	1
nừng	1
nữy	1
nựa	1
nỳ	1
nỷ	1
oaki	1
obitan	1
ocgandi	1
ocganđi	1
octnal	1
octocla	1
octofia	1
ocxen	1
oda	1
odnance	1
oeng	1
oéc	1
oeo	1
office	1
suite	1
offline	1
ofit	1
oganesson	1
ogit	1
ohio	1
ok	1
okay	1
okney	1
oleicz	1
oliat	1
oligome	1
olimpic	1
olivin	1
olympic	1
olé	1
ombro	1
ombơ	1
omega	1
omicron	1
ongg	1
onixơ	1
onself	1
ooclông	1
oolit	1
oolêăng	1
ootip	1
openli	1
opera	1
operet	1
opiment	1
opinton	1
opset	1
optimal	1
opxonin	1
opêra	1
opêret	1
orderli	1
organ	1
orăng	1
osimi	1
osimic	1
ostomi	1
oteolit	1
otidium	1
ouguiya	1
ounce	1
outfli	1
output	1
outré	1
oxalat	1
oxazin	1
oxein	1
oxgen	1
oxian	1
oxid	1
oxide	1
oxit	1
oxozon	1
oxtiăc	1
oxyaxit	1
oxygen	1
oxyt	1
oxyđaza	1
oz	1
oàn	1
oáng	1
oáp	1
oócphê	1
oóng	1
oăn	1
oẳnc	1
oạn	1
oắc	1
oèo	1
oặp	1
p	1
fin	1
packê	1
pacsec	1
pagodit	1
pagôt	1
painti	1
paixơ	1
palan	1
palavi	1
palađi	1
paleli	1
palsi	1
palăng	1
pambouk	1
pamfơlê	1
pampêrô	1
panel	1
panicki	1
panopli	1
pansi	1
pantum	1
panô	1
panđan	1
pao	1
paođan	1
paođơ	1
parabol	1
parabôn	1
paraffin	1
paraguay	1
paris	1
parki	1
password	1
passé	1
passée	1
patanh	1
patent	1
patinê	1
patriciô	1
patsi	1
patê	1
pauciti	1
paulus	1
pawki	1
pawkili	1
paxacal	1
paxcan	1
paxiên	1
pađisat	1
pb	1
pbvm	1
pc	1
pccc	1
pda	1
peachi	1
peaki	1
pearli	1
peati	1
pebbli	1
peborat	1
pecca	1
peclit	1
pecmi	1
pectaza	1
pectoza	1
pemanganat	1
pen	1
penalti	1
penalty	1
pencak	1
silat	1
pencaksilat	1
penicillin	1
pentan	1
pentoza	1
pentôt	1
penxơ	1
pepxin	1
pericla	1
peritxoa	1
perlune	1
permanganat	1
permanganate	1
peroxit	1
peroxyt	1
peseta	1
peso	1
petxe	1
pezota	1
pezơta	1
pgs	1
phag	1
phalăng	1
phanchicô	1
phanero	1
phanxicô	1
phaolô	1
pharyng	1
phatxit	1
phecmơtuya	1
phenol	1
phenolphtalein	1
lip	1
phidê	1
philippines	1
philogy	1
philípphê	1
phiêm	1
phiếi	1
phiết	1
phiều	1
phiển	1
phiểu	1
phleb	1
phlebo	1
phlắc	1
phoi	1
phomat	1
phongxiô	1
philatô	1
phosphat	1
phosphor	1
phosphorit	1
phosphorite	1
phossi	1
photgen	1
photocopi	1
photon	1
photoshop	1
photphat	1
photpho	1
photphorit	1
photphua	1
phrăng	1
phula	1
phuyễn	1
phuông	1
phuơng	1
phuồm	1
phuộc	1
phuột	1
phuợng	1
phuợt	1
phyl	1
phyll	1
phám	1
phâm	1
phâng	1
phât	1
phâu	1
phãi	1
phãn	1
phãu	1
phêrô	1
phìm	1
phít	1
phíu	1
phíếm	1
phòn	1
gĩữ	1
phóa	1
phón	1
phót	1
phôm	1
phôtpho	1
phôtô	1
phùa	1
phìu	1
phý	1
phắp	1
phũng	1
phơng	1
phư	1
phưc	1
phưong	1
phưu	1
phưòng	1
phươc	1
phướng	1
phưỡn	1
phạng	1
phạp	1
phảm	1
phấm	1
phầ	1
phầng	1
phầu	1
phẩ	1
phẩn	1
phẩu	1
phẫm	1
phậm	1
phòm	1
phặt	1
phẹc	1
phẻ	1
phếu	1
phề	1
phểu	1
phễn	1
phện	1
phạo	1
phịa	1
phịt	1
phỏm	1
phỏt	1
phống	1
phồ	1
phồm	1
phổn	1
phớc	1
phụp	1
ceramic	1
phủng	1
phựa	1
phứớc	1
phừn	1
phử	1
phữu	1
phự	1
piano	1
pianô	1
piccơp	1
picki	1
picnic	1
picôliô	1
piere	1
pieti	1
pigmi	1
pigsti	1
pijama	1
pikê	1
pimpli	1
pinbông	1
pinguyn	1
pinooc	1
pint	1
pintađo	1
piquyng	1
piqué	1
pirit	1
pirop	1
piroxen	1
pirênê	1
pisc	1
pisci	1
piston	1
pisé	1
pitago	1
pitchi	1
pithi	1
pittông	1
pixtôn	1
pizolit	1
pizza	1
piô	1
plagi	1
plashi	1
plasma	1
plastic	1
platin	1
platine	1
platli	1
plaxtin	1
plebz	1
pleikrông	1
pleiku	1
pleio	1
pleur	1
plowd	1
plushi	1
plutoni	1
pluvio	1
plêxi	1
plông	1
plăng	1
pneum	1
pocfia	1
pocki	1
poesi	1
pokémon	1
polietylen	1
polime	1
politen	1
polivitamin	1
poloni	1
polyethylen	1
polyethylene	1
polyetylen	1
polymer	1
polystyren	1
polyvitamin	1
pomat	1
pomeran	1
pommade	1
pommi	1
pommé	1
ponsô	1
pooctô	1
pop	1
popeline	1
poppli	1
popsi	1
português	1
positron	1
potzon	1
potôt	1
pouchi	1
pound	1
poverti	1
poào	1
poảy	1
praeter	1
praviti	1
prazeođim	1
prazơ	1
preh	1
preiz	1
preter	1
prey	1
veng	1
primeli	1
primerô	1
primli	1
prismi	1
priviti	1
probiti	1
prolan	1
prometi	1
prosili	1
protactini	1
protein	1
proteo	1
protid	1
protide	1
proton	1
protégé	1
protêut	1
prâng	1
prô	1
prôban	1
prôton	1
prôtêin	1
prôtít	1
prôtôn	1
prôtông	1
psi	1
pt	1
ptcs	1
pts	1
ptsc	1
ptsxca	1
ptth	1
pttq	1
pua	1
puddinh	1
puddli	1
pudsi	1
puffili	1
pula	1
puli	1
punchi	1
punman	1
punxa	1
puriti	1
purpli	1
pursi	1
purée	1
pushili	1
pusis	1
putlinh	1
putoa	1
putđing	1
putđinh	1
puya	1
puzolan	1
puông	1
puđing	1
puđinh	1
puơ	1
puốc	1
puốcboa	1
puốm	1
puộc	1
pygmi	1
pyjama	1
pyrit	1
pyrite	1
pyđ	1
pào	1
pá	1
pácxi	1
pái	1
pân	1
pâté	1
pè	1
pé	1
pép	1
pêcan	1
pêcari	1
pêcpêch	1
pêdan	1
pêgat	1
pên	1
pêon	1
pêric	1
pêsô	1
pêtren	1
pêđan	1
pêđê	1
pì	1
pìn	1
pìu	1
píc	1
cớp	1
píp	1
pò	1
póc	1
pót	1
pôke	1
pôlitôp	1
pôliô	1
pôlyme	1
pôlô	1
pôlône	1
pôlăc	1
pôn	1
pônca	1
pôpơlin	1
pù	1
pùi	1
pùn	1
púa	1
púc	1
pút	1
păm	1
luya	1
pơluya	1
pơmu	1
pơzô	1
pước	1
pạn	1
pải	1
pấn	1
pầu	1
pắc	1
pắp	1
pằng	1
pặc	1
pẹc	1
pọp	1
pồi	1
pồn	1
pụa	1
pử	1
pữa	1
pỵ	1
qh	1
qiné	1
qinés	1
qoành	1
qpvn	1
qs	1
qsự	1
quactan	1
quadr	1
quadru	1
quaki	1
qualiti	1
qualmi	1
quaren	1
quark	1
quart	1
quau	1
quaxin	1
quoắt	1
quađric	1
queasi	1
queng	1
quéc	1
quethe	1
quetzal	1
quibus	1
quinacrin	1
quinacrine	1
quinin	1
quiềm	1
quota	1
quoành	1
quuyền	1
quuốm	1
quybble	1
quyche	1
quyckie	1
quydam	1
quyddle	1
quyesce	1
quyeted	1
quyeten	1
quyets	1
quyetus	1
quyff	1
quylat	1
quyller	1
quyllet	1
quylt	1
quylted	1
quylts	1
quym	1
quyn	1
quyna	1
quynary	1
quynate	1
quynce	1
quynia	1
quynine	1
quynism	1
quynoas	1
quyns	1
quynsi	1
quynt	1
quyntal	1
quyntan	1
quyntet	1
quyntic	1
quyp	1
quyre	1
quyrk	1
quyrki	1
quyrt	1
quysby	1
quyt	1
quytch	1
quyting	1
quyts	1
quytted	1
quytter	1
quyttor	1
quyvers	1
quyxote	1
quyzzed	1
quyzzee	1
quyzzer	1
quyzzes	1
quyét	1
quyêt	1
quyễn	1
quáu	1
quâng	1
quât	1
quèc	1
québec	1
qr	1
quáy	1
quích	1
quôc	1
quých	1
quăc	1
quẳm	1
quảu	1
quấc	1
quấu	1
quầ	1
jean	1
quầo	1
quẫng	1
quắn	1
quếch	1
quếnh	1
quếu	1
quề	1
quoàng	1
quể	1
quệch	1
quện	1
quoạng	1
quỉnh	1
quịp	1
quố	1
quởn	1
quởng	1
quợn	1
quỵp	1
quỷnh	1
qwerti	1
qùa	1
qúa	1
qúi	1
qđ	1
qđnd	1
qđndvn	1
qĩu	1
qặng	1
qịu	1
qổm	1
qụa	1
qủa	1
qủy	1
qữa	1
r	1
rià	1
rại	1
racili	1
ractim	1
radar	1
raddiô	1
raddon	1
radian	1
radium	1
radiô	1
raglăng	1
ralum	1
ramate	1
rand	1
randili	1
random	1
rap	1
rariti	1
rashli	1
ratja	1
bina	1
raunchi	1
rađa	1
rađi	1
rađian	1
rađican	1
rađio	1
rađiom	1
rađium	1
rađon	1
rađơn	1
real	1
realti	1
reeki	1
remảk	1
reni	1
rep	1
requyte	1
resort	1
retenue	1
review	1
reykjavík	1
rezut	1
rfdef	1
rhiz	1
rhizo	1
rho	1
rial	1
ribixen	1
ricketi	1
ricota	1
riel	1
riketsi	1
rỉm	1
ringgit	1
riolit	1
rippli	1
riskili	1
risqué	1
rivière	1
rivê	1
rixin	1
riyal	1
riên	1
riđô	1
riến	1
riếp	1
riềm	1
riều	1
riễu	1
riệng	1
rlâm	1
robot	1
robotic	1
robotics	1
roburit	1
rock	1
rocket	1
roentgeni	1
roh	1
rondo	1
rontgen	1
rooki	1
roomi	1
roomili	1
rooti	1
rorti	1
rosili	1
rotenon	1
roto	1
router	1
wifi	1
roué	1
rowdili	1
roài	1
roành	1
rođi	1
rođonit	1
roẹt	1
rubbli	1
rubi	1
rubiđi	1
ruble	1
ruby	1
rubêôn	1
rucu	1
ruddili	1
rufiyaa	1
rui	1
rulat	1
rulet	1
rulô	1
rumba	1
runti	1
runđơ	1
rupee	1
rupiah	1
rusti	1
ruteni	1
rutherfordi	1
rutilut	1
ruy	1
ruyễn	1
ruê	1
ruôi	1
ruôn	1
ruông	1
ruôt	1
ruýp	1
ruối	1
ruốm	1
ruồm	1
ruỗi	1
ruộc	1
ruộm	1
ruợu	1
rybody	1
rạu	1
ráie	1
râ	1
râi	1
râle	1
rânh	1
râp	1
rât	1
rãn	1
rãy	1
rèo	1
réclame	1
régie	1
régime	1
rêanga	1
rêbit	1
rêm	1
rêt	1
rêzut	1
rím	1
rín	1
ríp	1
rôbin	1
rôcket	1
rôcơfo	1
rôdamin	1
rôi	1
rôle	1
rôma	1
rôman	1
rômanh	1
rômansơ	1
rôngđen	1
rôngđô	1
rôt	1
rôtato	1
rôti	1
rôto	1
rôze	1
rôđa	1
rùi	1
rúi	1
răc	1
răcco	1
rĩn	1
rĩnh	1
rũi	1
rũrích	1
kơi	1
rơle	1
rơmooc	1
rơngen	1
rơnghen	1
rơt	1
rơvonve	1
rơzơfođi	1
rư	1
rưc	1
rưn	1
rươn	1
rươt	1
rươu	1
rượng	1
rạm	1
rảy	1
rấc	1
rẫn	1
rắng	1
rện	1
rặn	1
rẹc	1
rểu	1
rỉn	1
rọn	1
rọng	1
rốm	1
rồm	1
rồn	1
komodo	1
rổi	1
rờle	1
rứ	1
rử	1
rự	1
rựu	1
rỳ	1
sacarat	1
sacaric	1
sacarin	1
sacarit	1
sacaroza	1
sacchar	1
saccharin	1
saccharos	1
saccharose	1
saccôm	1
saclơ	1
sacmơ	1
sacoit	1
sactơrơ	1
sacô	1
saddke	1
safeti	1
saintli	1
saizd	1
saké	1
sakê	1
salixin	1
salti	1
samari	1
sameli	1
samovar	1
saneli	1
santonin	1
sanxtơn	1
sanđron	1
sapr	1
satxi	1
saucili	1
sauté	1
sautés	1
saxơpo	1
mèềm	1
sb	1
scaner	1
scanner	1
scanti	1
scanđi	1
scatti	1
schilling	1
scn	1
scobat	1
scobut	1
scolt	1
scotland	1
scrabble	1
scummi	1
sua	1
sea	1
games	1
seaborgi	1
seami	1
secvô	1
seemli	1
seken	1
selen	1
selenat	1
seleni	1
selenit	1
seleno	1
selenua	1
selơ	1
seminar	1
seng	1
senlăc	1
sensyn	1
séo	1
seoul	1
sequyn	1
serenata	1
seri	1
seventi	1
sexy	1
sgk	1
shanter	1
shapeli	1
sharpli	1
shekel	1
shilling	1
shilpit	1
shimmi	1
shingli	1
shinti	1
shipper	1
shirti	1
shitlip	1
shitti	1
shoali	1
shop	1
shorti	1
shouldn	1
showroom	1
shtt	1
shyli	1
líc	1
sia	1
sic	1
sickli	1
sida	1
sightli	1
sigma	1
silic	1
silica	1
silicium	1
silicone	1
silinh	1
silit	1
silixic	1
silti	1
silua	1
simon	1
sine	1
sing	1
iý	1
sinhll	1
sinsyne	1
sinđich	1
sipeki	1
siphon	1
sitcome	1
sixti	1
siêm	1
siêt	1
hìinh	1
siđa	1
siếc	1
siến	1
siễn	1
siễu	1
siệu	1
skilli	1
skrv	1
slam	1
slati	1
sleeki	1
sleeti	1
slimsi	1
slummi	1
smach	1
smantin	1
smantit	1
smarmi	1
smutti	1
smđh	1
sn	1
snack	1
snaki	1
snarli	1
sneaki	1
snooti	1
snotti	1
soapili	1
socbat	1
societi	1
soda	1
sodomi	1
softi	1
soggili	1
soigné	1
soirée	1
sol	1
solenoid	1
som	1
someoen	1
sonata	1
dịệp	1
sonli	1
sonnet	1
sonvát	1
sooti	1
soppili	1
sos	1
soufflé	1
soum	1
soupape	1
soviôt	1
soyuza	1
soành	1
soáng	1
soáy	1
soọc	1
soọng	1
spa	1
spam	1
spangli	1
sparki	1
speks	1
spiki	1
spinen	1
splashi	1
spleno	1
spooki	1
sporti	1
spotti	1
spryli	1
spurít	1
squamo	1
squashi	1
squatti	1
squeaki	1
squyb	1
squyd	1
squydgy	1
squyds	1
squyffy	1
squygs	1
squyll	1
squynch	1
squynny	1
squynt	1
squynts	1
squyre	1
squyred	1
squyrm	1
squyrms	1
squyrt	1
squyrts	1
squysh	1
squyshi	1
squyt	1
srping	1
sró	1
ssự	1
st	1
stacte	1
staidli	1
staleli	1
stalit	1
stalki	1
stanit	1
starchi	1
starkli	1
starter	1
stateli	1
stato	1
stator	1
steami	1
stearat	1
steat	1
steatit	1
steato	1
steeli	1
steepli	1
stemmi	1
stereo	1
sternli	1
stibi	1
stibin	1
stibnit	1
stickit	1
stiffli	1
stinbơ	1
stithi	1
stop	1
stoutli	1
strein	1
streptomixin	1
streptomycin	1
stres	1
stress	1
strichnin	1
stronti	1
strychnin	1
strychnine	1
stt	1
stubbli	1
studio	1
stêphanô	1
suaveli	1
suaviti	1
sucre	1
sucroza	1
sudsi	1
sueti	1
suffork	1
sulf	1
sulfamid	1
sulfamide	1
sulfat	1
sulfate	1
sulfo	1
sulfua	1
sulfur	1
sulkili	1
sulph	1
sulpho	1
sumtty	1
sumô	1
phua	1
sunfamit	1
sunfat	1
sunfit	1
sunfoni	1
sunfua	1
suplơ	1
supze	1
surditi	1
suât	1
suède	1
suôi	1
suôt	1
bau	1
suốn	1
suột	1
suớng	1
svđ	1
swanki	1
swarthi	1
swashi	1
sweetli	1
swel	1
swet	1
swiftli	1
swimmi	1
swirli	1
sx	1
sylvestrô	1
symposium	1
syndicat	1
syt	1
sâmbanh	1
sâng	1
sãn	1
são	1
sãy	1
sèng	1
sé	1
séance	1
séng	1
sénégal	1
sétif	1
sêcơ	1
sêlat	1
sêp	1
sêraton	1
sêrip	1
sêvêrinô	1
sêếu	1
sìi	1
sí	1
sía	1
síc	1
sích	1
sòi	1
só	1
sóa	1
sócrates	1
sóoc	1
sôc	1
sôcôla	1
sôpphơ	1
sôt	1
sôđơ	1
sõ	1
sõa	1
sõm	1
sùc	1
soà	1
sòa	1
súyt	1
sýp	1
săc	1
săngta	1
săp	1
săt	1
săảm	1
sđcc	1
sđd	1
sđh	1
sđt	1
sĩdo	1
sũ	1
sũy	1
mooc	1
pai	1
sơi	1
sơmi	1
sơnap	1
sơnauxe	1
sơt	1
sưc	1
sưót	1
sươi	1
sươn	1
sước	1
sưới	1
sạu	1
thảẳm	1
sẩn	1
sẫn	1
sận	1
sắác	1
sằn	1
sẳc	1
sẳn	1
sẳng	1
sẳt	1
sẵng	1
sẵp	1
sặp	1
sặạt	1
sẹc	1
sẹp	1
sẻng	1
sẽo	1
sẽê	1
sế	1
sều	1
sển	1
sễ	1
sệp	1
sỉn	1
sịn	1
sọan	1
sặng	1
sẹm	1
sỏng	1
dzách	1
sối	1
sốn	1
sốtự	1
sổi	1
sỗi	1
sờm	1
sỡi	1
sụng	1
sủn	1
soảng	1
sủy	1
sứng	1
sừ	1
sữ	1
sựa	1
sỷ	1
t	1
tabu	1
tacki	1
tactan	1
tactric	1
taekwondo	1
taiga	1
taka	1
tala	1
talcki	1
tali	1
taluy	1
talông	1
talăng	1
tamdao	1
tameli	1
tananh	1
tanbô	1
tand	1
tangent	1
tango	1
tanic	1
tannin	1
tantali	1
tantan	1
tapiôca	1
tareh	1
tarô	1
taschenlampe	1
tastili	1
tattili	1
tatăng	1
tau	1
tautli	1
tautome	1
taxi	1
tađocna	1
tađêô	1
tb	1
tbcn	1
tbt	1
tbuăn	1
tbị	1
tcn	1
tcti	1
tcty	1
tcyttg	1
tcđlcl	1
tdtt	1
team	1
teambuilding	1
tebi	1
tecbi	1
techili	1
teclinh	1
tecmôt	1
tecneti	1
tecnexi	1
teencode	1
tefrit	1
tekst	1
tel	1
teleo	1
telephon	1
telephone	1
teletyp	1
teletype	1
telex	1
telu	1
teluric	1
tenge	1
tennessi	1
tepidli	1
tequyla	1
ter	1
test	1
testili	1
tetanos	1
tetanus	1
tetchi	1
tetracyclin	1
tetracycline	1
tetrôt	1
texile	1
tgb	1
tgp	1
tgđ	1
th	1
thểnh	1
thcs	1
theta	1
thgt	1
thgtục	1
thickli	1
thinli	1
thirdli	1
thirti	1
thiét	1
thiêp	1
thiêt	1
thiềt	1
thiệm	1
thoan	1
thoat	1
thori	1
thoàn	1
thoàng	1
thoành	1
thoâ	1
thoâng	1
thoãi	1
thoạ	1
thoắn	1
thpt	1
thrummi	1
thruogh	1
ths	1
silicon	1
thuyét	1
thuyêt	1
thuyến	1
darwin	1
malthus	1
thuyển	1
thuyệt	1
thuân	1
thuât	1
thuã	1
thuãt	1
thuôc	1
thuôt	1
thuơ	1
thuẩn	1
thuết	1
thuốn	1
thuốt	1
thuồi	1
thuội	1
thuớc	1
thuờng	1
thuởng	1
thuợng	1
thvl	1
thvn	1
thvăn	1
thàn	1
thợt	1
thá	1
thánhh	1
pisa	1
thâp	1
thât	1
thã	1
thãng	1
thèng	1
théc	1
thên	1
thêta	1
thêôđorô	1
thìu	1
thòn	1
thóng	1
thôc	1
thôt	1
thùc	1
thúa	1
thún	1
thăc	1
thăp	1
thăt	1
thđ	1
thũy	1
thơt	1
thưc	1
thưong	1
thưòng	1
thươc	1
thươn	1
thưọng	1
thưỏng	1
thướng	1
thườ	1
thườg	1
thưở	1
thưỡi	1
thưỡng	1
thạ	1
kêng	1
thại	1
thạp	1
thạt	1
tym	1
thấ	1
thẩy	1
thậ	1
thậy	1
thắ	1
thẳn	1
rẳng	1
rẵng	1
thẵm	1
thẹt	1
thẻo	1
thẽm	1
thểm	1
thễ	1
thệu	1
buốm	1
thịn	1
thịết	1
thọa	1
thọai	1
thỏng	1
thốp	1
thồng	1
thổng	1
thỗ	1
thễn	1
thộc	1
thội	1
thộng	1
thờu	1
thởi	1
thụi	1
thụâ	1
thứa	1
dấc	1
thứu	1
thừi	1
thửi	1
thửng	1
thữ	1
thỳ	1
tiara	1
tibơri	1
tichkê	1
tiddli	1
tieâm	1
tightli	1
tiktok	1
timeli	1
timidli	1
timothi	1
tipsili	1
tiroxin	1
titan	1
titanium	1
nguỷu	1
tiudo	1
tièn	1
tiêc	1
tiêp	1
tiêt	1
tiẻu	1
afrikaans	1
albani	1
armenia	1
bulgari	1
estonia	1
litva	1
malaysia	1
slovak	1
yiddish	1
tiềng	1
tiểng	1
thhủ	1
afghanistan	1
tl	1
tlộm	1
tm	1
tmđt	1
tngt	1
tnhh	1
tout	1
tocxin	1
toefl	1
toilet	1
tolar	1
toluen	1
toocsi	1
toothi	1
toscan	1
tossi	1
tounl	1
tour	1
touré	1
toàm	1
toè	1
toóng	1
toạt	1
toẻ	1
toẽ	1
tp	1
tphcm	1
tq	1
tr	1
trachit	1
trachoma	1
trackpad	1
trackpoint	1
tracom	1
tram	1
tran	1
transistor	1
traxơ	1
treacli	1
trebli	1
treit	1
trembli	1
tremens	1
trend	1
treng	1
triod	1
triode	1
triplê	1
tripxin	1
triti	1
triêm	1
triên	1
triêt	1
triô	1
triôlê	1
triôt	1
triẻn	1
triến	1
triểm	1
triễn	1
triệng	1
triệp	1
âớu	1
trocoit	1
troi	1
troilit	1
trom	1
pét	1
trombon	1
trompet	1
troét	1
trumpet	1
trun	1
trust	1
trusti	1
trustit	1
truyp	1
truyên	1
truyến	1
truyết	1
truyển	1
truyễn	1
truýp	1
truơng	1
truốt	1
truồi	1
truổng	1
truột	1
truớc	1
truởng	1
trym	1
tryện	1
tràch	1
trât	1
lưòi	1
trã	1
trãng	1
trè	1
tré	1
tréma	1
trémas	1
trêfin	1
trêm	1
trêphin	1
trìa	1
trìn	1
trính	1
trít	1
tríu	1
trõn	1
tró	1
tróm	1
trôốc	1
trùy	1
trăc	1
trơng	1
trơtjơn	1
trưc	1
trưu	1
trưòng	1
trưóc	1
trươc	1
trươi	1
trươt	1
trườn	1
trườngề	1
trạ	1
trạn	1
trảy	1
trấc	1
trấm	1
aỏn	1
trầng	1
trẩm	1
trẩn	1
trắn	1
trẹc	1
trẹm	1
trế	1
trếu	1
trều	1
trể	1
trỉ	1
trỉnh	1
trỏi	1
trếch	1
trỗng	1
trộc	1
trớc	1
trới	1
trớng	1
trớp	1
trờm	1
trờng	1
trỡ	1
trợm	1
trụm	1
trụn	1
trụt	1
trủ	1
trẳng	1
trủy	1
trức	1
trứn	1
trứu	1
trừa	1
trử	1
trửu	1
trữa	1
trữu	1
trự	1
trựnh	1
trựu	1
ts	1
tt	1
ttl	1
ttnd	1
ttnt	1
ttpl	1
ttruyện	1
ttrồng	1
tts	1
ttx	1
ttxvn	1
ttđb	1
ttđt	1
tuabin	1
tuavit	1
tucăng	1
tufti	1
tughrik	1
tularê	1
tuli	1
tulip	1
tulíp	1
tulơkhơ	1
tungút	1
tunđra	1
turbin	1
tuynen	1
tuytxo	1
tuyère	1
tuyêt	1
tuyếch	1
tuyễn	1
tuàn	1
tuán	1
tuê	1
tuôcbin	1
tuôcmen	1
tuôcnăng	1
tuôi	1
tuơi	1
tuơng	1
tuầ	1
tuốcki	1
tuối	1
tuốn	1
tuồi	1
tuồm	1
tuổ	1
tuớng	1
tuờng	1
tuởng	1
tuợng	1
tv	1
tw	1
twelv	1
twenti	1
twiddli	1
twisti	1
tyalin	1
tyên	1
tyển	1
tzolk	1
bhing	1
hine	1
tiệu	1
phiệu	1
tángg	1
đeng	1
tâ	1
lỹ	1
thờl	1
tâp	1
tât	1
papua	1
tãi	1
tãn	1
tãnh	1
tão	1
tãy	1
tèc	1
tébessa	1
téo	1
phon	1
lếc	1
têhêrăng	1
têlêmet	1
têlêtip	1
têno	1
têooc	1
têp	1
têquila	1
têrêsa	1
têt	1
têta	1
têtanôt	1
tìng	1
tìu	1
tìểu	1
tíc	1
rịm	1
tòan	1
tòe	1
tóan	1
tón	1
tôc	1
tôcat	1
tôga	1
tôkê	1
tôlit	1
tôma	1
tôman	1
tôngđơ	1
tônô	1
tôpô	1
tôt	1
tôxôt	1
tôđi	1
tõ	1
tõe	1
túa	1
tún	1
tút	1
túyt	1
tă	1
tăc	1
tăcte	1
tăcxi	1
tăngbo	1
tănggô	1
tăngsê	1
tăngxơ	1
tăngđem	1
tăt	1
tđ	1
tđc	1
tđd	1
tđh	1
tđyt	1
tĩn	1
tơm	1
tơruyp	1
tơrôi	1
tơrơt	1
tơrưng	1
tưc	1
tưi	1
tưong	1
tưu	1
tươc	1
mưởi	1
tướn	1
tười	1
tườm	1
tượp	1
tưỡng	1
tượnng	1
tượt	1
tạn	1
tạu	1
tạy	1
ngảo	1
tảm	1
tảy	1
tấ	1
tấng	1
tầt	1
tẩt	1
tẫu	1
tậ	1
gym	1
tõng	1
tẽ	1
tểu	1
tễu	1
tịn	1
tọe	1
tọi	1
tỏe	1
tồm	1
tộp	1
tồt	1
tổi	1
tỗ	1
tỗn	1
tớm	1
tớt	1
tởi	1
tợng	1
tợp	1
mood	1
tứa	1
tửa	1
tữ	1
quuyết	1
tựng	1
tựnh	1
gua	1
goay	1
uar	1
ub	1
ubieti	1
ubkt	1
ubnd	1
ubuntu	1
ucơ	1
uganđa	1
ulixơ	1
umlau	1
umo	1
unbibi	1
unbihexi	1
unbinili	1
unbipenti	1
unbiquadi	1
unbitri	1
unbiuni	1
undelt	1
underdrawer	1
undé	1
uneasi	1
unfussi	1
ungodli	1
unhasti	1
unhed	1
unholi	1
uniciti	1
unicode	1
unkuld	1
unlucki	1
unmanit	1
unmanli	1
unment	1
unnoisi	1
unquyet	1
unsonsi	1
untơ	1
ununenni	1
unvekst	1
unwitti	1
upload	1
uppiti	1
ups	1
upsilon	1
urani	1
uranit	1
uranium	1
urbanô	1
urea	1
url	1
uruguay	1
urê	1
usd	1
ussi	1
usualli	1
utc	1
utiliti	1
uytki	1
uytky	1
uyền	1
uân	1
uâng	1
uây	1
uình	1
uôn	1
uých	1
uýnh	1
uýtky	1
uơng	1
uấn	1
uầy	1
uẩy	1
uốm	1
uồng	1
uộc	1
uộng	1
uớc	1
uở	1
uỷu	1
v	1
vac	1
vaccin	1
vacxin	1
vagông	1
vainli	1
valdés	1
valentinô	1
vali	1
valinhtinh	1
vals	1
vam	1
vanadat	1
vanađi	1
vani	1
vanilla	1
vaniti	1
vanxơ	1
vapidli	1
varactor	1
varieti	1
varito	1
varsiti	1
varêch	1
varơi	1
vaselin	1
vaseline	1
vastli	1
vat	1
vatu	1
vaulti	1
vazơlin	1
vaô	1
vbằng	1
vcd	1
vcl	1
veali	1
vecmut	1
vecni	1
vecnê	1
vector	1
veidi	1
veks	1
vekst	1
venerea	1
verili	1
vernis	1
version	1
verst	1
vetpa	1
vettông	1
vetxi	1
via	1
vianđôt	1
victor	1
vid	1
viddêo	1
viddêô	1
viduiti	1
vietlish	1
vila	1
vileli	1
viliti	1
villa	1
vinahouse	1
vinhet	1
vinilông	1
vinylon	1
viola	1
violet	1
violin	1
violon	1
violoncello	1
vip	1
vipe	1
virgata	1
visa	1
visco	1
viscose	1
visibli	1
visnomi	1
visé	1
vitalli	1
vitcô	1
vividli	1
vixcô	1
vixenli	1
vizia	1
vizon	1
viêc	1
viêt	1
viôlông	1
viôlôngxen	1
viôn	1
viđêô	1
viẹt	1
viến	1
viềm	1
viềng	1
viểt	1
viễng	1
vk	1
vks	1
vksnd	1
vl	1
vlđc	1
vn	1
vnch	1
vndcch	1
vnđ	1
troốc	1
voan	1
vocalli	1
mail	1
volfram	1
volubli	1
vonfam	1
vonfram	1
vontaic	1
vovinam	1
voành	1
voâ	1
voòng	1
vp	1
vpdđ	1
vpđd	1
vs	1
vtc	1
vtv	1
vtđ	1
vuôi	1
vuôt	1
vuơng	1
vuồm	1
vuờn	1
vuợt	1
qùy	1
ẩng	1
vácxin	1
vánđich	1
vânh	1
vâp	1
vât	1
vãm	1
vão	1
vãy	1
vécni	1
vêbe	1
vêga	1
vênut	1
vêt	1
vình	1
víctor	1
víp	1
vírus	1
vírut	1
vòmg	1
vói	1
vón	1
vóng	1
vóp	1
vôlê	1
vôlăng	1
vôtca	1
vôđơvin	1
vúc	1
văc	1
văm	1
vănơ	1
văt	1
vđ	1
vđqg	1
vđv	1
vĩa	1
nguơn	1
vũm	1
vơm	1
vơt	1
vư	1
vưa	1
vưc	1
vưng	1
ireland	1
vươt	1
vườm	1
vường	1
vưỡn	1
nganh	1
vản	1
vảnh	1
vấ	1
vấu	1
vầ	1
vầu	1
vậ	1
vậm	1
vạp	1
vậỵ	1
vậỷ	1
vắcxin	1
vủn	1
vắp	1
vẵn	1
vẵng	1
vếch	1
vể	1
vễ	1
vễn	1
vệc	1
vỉn	1
vỉnh	1
vịm	1
mexico	1
vọn	1
vốt	1
vổ	1
vổng	1
vục	1
vủ	1
vủa	1
vủi	1
vủng	1
vừ	1
vửa	1
vự	1
vựt	1
vỵ	1
w	1
wabbli	1
wacki	1
waggli	1
walli	1
warmli	1
warti	1
wastrie	1
wavili	1
wc	1
weakli	1
wearili	1
webcam	1
webd	1
weblog	1
website	1
weekli	1
weighti	1
weirdli	1
welfed	1
welli	1
welpt	1
wenzdei	1
wh	1
whae	1
whate	1
whatsoe	1
whene	1
whimsi	1
whiski	1
whiti	1
whosoe	1
wibu	1
wifeli	1
wikipedia	1
wiktionary	1
win	1
windili	1
windown	1
windows	1
withi	1
wobbli	1
wolfram	1
womanli	1
won	1
wonki	1
woodsi	1
woolli	1
by	1
cup	1
wide	1
worldli	1
wouldn	1
wrinkli	1
wushu	1
www	1
wá	1
wảng	1
giên	1
phia	1
xaba	1
xabica	1
xabin	1
xabôchê	1
xacddin	1
xacooc	1
xactuba	1
xacxoni	1
xacxô	1
xacôm	1
xacđin	1
xafia	1
xaibơ	1
xaiga	1
xakê	1
xaluki	1
xalup	1
xalông	1
xamba	1
xamurai	1
xamôva	1
xangari	1
xanhpie	1
xanhđica	1
xanmon	1
xanpet	1
xantat	1
xantic	1
xantin	1
xanđi	1
xapôchê	1
xaraban	1
xari	1
xatinet	1
xatrap	1
xatxuma	1
xauđi	1
xavan	1
xaviê	1
xcrup	1
xcutơ	1
xcôtlân	1
xcốtlen	1
honda	1
xelulo	1
xelô	1
xemina	1
xeneca	1
xenlulô	1
xenlô	1
xenon	1
xenti	1
xentimét	1
xentơ	1
xenxe	1
xenđan	1
xerenat	1
xeri	1
xesi	1
xetan	1
xeton	1
xettec	1
xettin	1
xezi	1
xfaêit	1
xfen	1
xhcn	1
xianat	1
xibecnetic	1
xiberi	1
xibia	1
xibiri	1
xichlô	1
xichma	1
xicloit	1
xicnum	1
xiena	1
xienit	1
xifon	1
xifông	1
xilanh	1
xilic	1
xilip	1
xilêzi	1
xilô	1
ximili	1
ximpozium	1
ximun	1
ximôckinh	1
ximôkinh	1
xinclut	1
xinhan	1
xinvin	1
xinê	1
xiphông	1
xirô	1
xirôcô	1
xistin	1
xita	1
xitni	1
xiton	1
xitrala	1
xitric	1
xitrin	1
xitron	1
xitô	1
xixilơ	1
xixu	1
xixôit	1
xizan	1
xiđa	1
xiếm	1
xiếp	1
xiềm	1
xiền	1
xiệp	1
xki	1
xkiđam	1
xklđ	1
xlavôni	1
xlavơ	1
xlôven	1
xml	1
xmôking	1
xn	1
xnachba	1
xnau	1
xnk	1
nat	1
xoadi	1
xoai	1
xoả	1
xobic	1
xoen	1
xolenoit	1
xomexet	1
xón	1
xonat	1
xonê	1
xonđô	1
xora	1
xoác	1
xoán	1
xoạng	1
xoắt	1
xpanhơn	1
xpecmin	1
xphanh	1
xpinen	1
xpinet	1
xpitfai	1
xponđê	1
xri	1
xrê	1
xtalin	1
xtanôp	1
xtanđa	1
xtato	1
xtatơ	1
xtađiom	1
xtec	1
xteoit	1
xterol	1
xtetxon	1
xtinben	1
xtinbit	1
xtintơn	1
xtiren	1
xtiêng	1
xtrat	1
xtrết	1
xtucô	1
xtuđiô	1
xtê	1
xtôic	1
xtôn	1
xtăng	1
xtăngxơ	1
xtạn	1
xtốp	1
xuchiêng	1
xucraza	1
xufi	1
xuflê	1
xume	1
xuni	1
xuntan	1
xupap	1
xurat	1
xutan	1
xuxu	1
xuya	1
xuynh	1
xuyễn	1
xuát	1
xuât	1
xuây	1
xuêt	1
xuông	1
xuđra	1
xuế	1
xuể	1
xuốm	1
xuốt	1
xuồn	1
xuổng	1
xuỳ	1
xuỵt	1
xvetbéc	1
xvll	1
xyanic	1
xyanua	1
xycloit	1
xylanh	1
xystin	1
neng	1
niêng	1
xàu	1
xày	1
aỏi	1
côống	1
pươi	1
xeng	1
khôống	1
xáy	1
xão	1
xãy	1
xèng	1
xém	1
xêbec	1
xêfia	1
xêmina	1
xêmine	1
xên	1
xênêga	1
xênêgal	1
xêp	1
xêphit	1
xêpia	1
xêquin	1
xêret	1
xêrexin	1
xêri	1
xêtan	1
xêu	1
xêxê	1
po	1
trum	1
xìa	1
xìn	1
vính	1
xòn	1
xòng	1
xôfa	1
xôlô	1
xôma	1
xômuya	1
xônat	1
xônatin	1
xôpha	1
xôpran	1
xôtec	1
xôtlân	1
xôviêt	1
xôvơren	1
xôđa	1
xõ	1
xõm	1
xùy	1
xuýp	1
xút	1
xúâ	1
xý	1
xă	1
đuých	1
xăngtimét	1
xĩu	1
xơcua	1
xư	1
xươc	1
xảu	1
xướt	1
xưỡng	1
xượt	1
xạm	1
xạt	1
xải	1
xản	1
xấn	1
xất	1
xấy	1
xẫm	1
xậm	1
xậy	1
xẳng	1
xẽ	1
xẽo	1
xềm	1
xễ	1
xện	1
xịp	1
xọn	1
xọt	1
xỏng	1
xốm	1
xổn	1
xểnh	1
xời	1
xởn	1
xụyt	1
xủi	1
xủn	1
xừng	1
xữ	1
xự	1
xực	1
xựnh	1
xier	1
yaoundé	1
yard	1
yasini	1
yavê	1
yd	1
yeasti	1
yen	1
yoga	1
youtube	1
yperit	1
ytebi	1
ytecbi	1
ytri	1
yuan	1
yuck	1
yucki	1
yummi	1
yêmen	1
yêt	1
yôga	1
yôn	1
yôyô	1
yđn	1
yếc	1
yều	1
yễm	1
yệu	1
za	1
zahlé	1
zanili	1
zeolit	1
zepơlin	1
zero	1
zestfl	1
zeta	1
zibelin	1
ziczac	1
zigzag	1
zincat	1
zinki	1
zinédine	1
ziricon	1
ziriconi	1
zloty	1
zlôti	1
zn	1
zoolit	1
zoonomi	1
zuavơ	1
zuoih	1
zymaza	1
zê	1
zênon	1
zêrô	1
zêta	1
zô	1
zôn	1
zăng	1
zậy	1
zẻ	1
àh	1
ài	1
àm	1
àn	1
àng	1
ày	1
pull	1
tơì	1
áu	1
âng	1
âp	1
âởu	1
ãm	1
èc	1
èn	1
éclat	1
éclats	1
édith	1
dẹm	1
éng	1
xte	1
état	1
étddi	1
étui	1
étuis	1
nit	1
êcu	1
êfep	1
êfin	1
êfô	1
êke	1
êkip	1
êkíp	1
êlectron	1
êmia	1
êmu	1
ênat	1
êning	1
êpan	1
êpot	1
êta	1
êtanol	1
ête	1
êtylic	1
êtô	1
êugêniô	1
êxalon	1
êđam	1
ìn	1
ính	1
írăc	1
íu	1
òn	1
óa	1
ón	1
buy	1
zơ	1
ôbace	1
ôben	1
ôbôn	1
ôc	1
ôen	1
ôkê	1
ôliu	1
ôp	1
ôplêt	1
ôpxet	1
ôpêra	1
ôpôt	1
ôsin	1
ôten	1
ôtit	1
ôtme	1
ôtôbuýt	1
ôtôca	1
ôtômat	1
ôtôray	1
ôvăng	1
ôxi	1
ôxtrâylia	1
ôxít	1
ôông	1
õ	1
õbăng	1
õi	1
xoẹ	1
xọe	1
ùi	1
ún	1
úych	1
úytki	1
ă	1
ăc	1
ăccoóc	1
ăccoócđêông	1
ăcquy	1
cướì	1
mẵm	1
tươì	1
ăngghen	1
ăngten	1
ănten	1
ăt	1
kao	1
đac	1
đactin	1
đag	1
đage	1
đaicơ	1
đak	1
đakrông	1
đama	1
đaman	1
đaminh	1
giàm	1
đap	1
đat	1
đatn	1
ỏc	1
đb	1
đbqh	1
đbscl	1
đc	1
đcg	1
đch	1
đcstq	1
đcsvn	1
đeca	1
đenfơ	1
đenphơ	1
đenta	1
đep	1
đestran	1
đetman	1
đevon	1
đexi	1
đexiben	1
đextrin	1
đh	1
đhbc	1
đhbk	1
đhcn	1
đhdl	1
đhi	1
đhkhtn	1
đhkt	1
đhqg	1
đhsp	1
đhxd	1
hẹc	1
đia	1
điaba	1
điabôlô	1
điamin	1
điamit	1
điaxit	1
điazo	1
đidu	1
đim	1
đina	1
đinamit	1
đinamo	1
đinamô	1
đingo	1
đinôt	1
điop	1
điorit	1
điot	1
đioxyt	1
đip	1
điprozi	1
điptêri	1
đit	1
đitian	1
đivăng	1
điêden	1
điêm	1
điêp	1
điêzen	1
điônisiô	1
điôt	1
điôxít	1
điđimi	1
điễm	1
điễn	1
kremli	1
điốt	1
đk	1
đkdt	1
đkkd	1
đkvđ	1
đkz	1
đl	1
đm	1
đn	1
đna	1
đng	1
đnh	1
đná	1
đoa	1
đoai	1
đoc	1
đola	1
đolerit	1
đolomit	1
đorian	1
đoáo	1
đoãn	1
đp	1
đpcm	1
đphg	1
đphương	1
đracma	1
đrajê	1
đram	1
đretnot	1
đs	1
đsct	1
đt	1
đtc	1
đtdd	1
đtdt	1
đtdđ	1
đth	1
đtla	1
đtm	1
đtqg	1
đtvn	1
đtvt	1
đubai	1
đublum	1
đuc	1
đuca	1
đumpi	1
đumpinh	1
đupni	1
đura	1
đuya	1
đuyra	1
đuyê	1
đuyên	1
đuông	1
đuơng	1
đuề	1
đuễnh	1
đuốm	1
đuống	1
đuồi	1
đuội	1
đuợc	1
đuỹ	1
đvsktt	1
đy	1
đyn	1
đyprosi	1
gong	1
đàu	1
đàì	1
uyn	1
đâ	1
đâc	1
đâi	1
đânh	1
đâp	1
đât	1
đãm	1
đãn	1
đãnh	1
đãy	1
đén	1
đêcagam	1
đêcalit	1
đêcamet	1
đêcamét	1
đêcan	1
đêch	1
đêcáctơ	1
đêxiben	1
đêxigam	1
đêxilit	1
đêximet	1
đêximét	1
đìều	1
đí	1
đía	1
đôc	1
đôlomit	1
đôman	1
timor	1
đôple	1
đôrêmon	1
đôt	1
đôỉ	1
đõ	1
đõi	1
đúi	1
đă	1
đăc	1
đăn	1
đăngngơ	1
đăngten	1
đăp	1
đăt	1
đău	1
compact	1
đũ	1
đũi	1
đũy	1
đơi	1
đơteri	1
đơteron	1
đơtêri	1
đưng	1
đươc	1
đưới	1
đướn	1
ngườì	1
đượp	1
đạ	1
đạng	1
hindu	1
islam	1
đạon	1
đạu	1
đạy	1
đải	1
đấn	1
đấp	1
đầ	1
đẩm	1
đẩn	1
côve	1
lima	1
đắ	1
đằn	1
đẳ	1
columbia	1
đẹ	1
đẻn	1
đếu	1
ci	1
đển	1
đệch	1
đện	1
đị	1
ip	1
địện	1
đọn	1
đỏa	1
otto	1
qụy	1
đở	1
đỡn	1
đợc	1
đợp	1
đủa	1
đừa	1
đựa	1
đựơc	1
đỹ	1
ũ	1
ũng	1
ơm	1
ơristic	1
ưcln	1
ưm	1
ướng	1
ường	1
ưởng	1
ược	1
ượu	1
ạc	1
ạh	1
ại	1
ạn	1
ản	1
ấ	1
ấng	1
ấỵ	1
ầ	1
ần	1
ầy	1
ẩ	1
ẩy	1
ẫ	1
ậ	1
ậu	1
ậy	1
ắ	1
ắm	1
ắn	1
ằ	1
ẳ	1
ẳm	1
ẵ	1
ẵó	1
ặ	1
ặn	1
ặng	1
ặt	1
ẻ	1
ẻm	1
ẽ	1
ngồí	1
ến	1
ếnh	1
ếp	1
ền	1
ều	1
ể	1
ểnh	1
ễ	1
ễn	1
ễng	1
ệp	1
ịa	1
ịn	1
ịnh	1
ọi	1
ỏ	1
ốn	1
ốngchân	1
ổm	1
ỗ	1
ỗn	1
ội	1
ộng	1
ột	1
ớm	1
ớng	1
ớp	1
ờn	1
ờng	1
ởi	1
ỡ	1
ợc	1
ợn	1
ợp	1
ụm	1
ụng	1
ụp	1
ủa	1
ứơc	1
ừa	1
ừm	1
ửa	1
ửi	1
ữ	1
ự	1
ựa	1
ỵ	1
